huc,pesticide,days_fish,days_invertebrate_water,days_plant_nonvascular,days_plant_vascular,days_invertebrate_sed,days_any_species
180400020401,AZOXYSTROBIN,0,0,0,0,0,0
180400020401,BIFENTHRIN,0,0,0,0,0,0
180400020401,CHLORANTRANILIPROLE,0,11,0,0,84,84
180400020401,CHLOROTHALONIL,20,0,28,0,0,28
180400020401,CHLORPYRIFOS,0,117,0,0,199,199
180400020401,LAMBDA-CYHALOTHRIN,0,0,0,0,0,0
180400020401,PENDIMETHALIN,0,0,0,0,0,0
180400020401,SIMAZINE,0,0,4,0,0,4
180400091307-Dry Creek,AZOXYSTROBIN,0,0,0,0,0,0
180400091307-Dry Creek,BIFENTHRIN,0,0,0,0,0,0
180400091307-Dry Creek,CHLORANTRANILIPROLE,0,12,0,0,127,127
180400091307-Dry Creek,CHLOROTHALONIL,28,0,31,0,0,31
180400091307-Dry Creek,CHLORPYRIFOS,0,14,0,0,41,41
180400091307-Dry Creek,LAMBDA-CYHALOTHRIN,0,0,0,0,0,0
180400091307-Dry Creek,PENDIMETHALIN,0,0,0,0,0,0
180400091307-Dry Creek,SIMAZINE,0,0,0,0,0,0
180400091307-Dry Creek,TEBUCONAZOLE,0,0,0,0,0,0
Adobe Creek-Frontal San Francisco Bay Estuaries,AZOXYSTROBIN,0,0,0,0,0,0
Adobe Creek-Frontal San Francisco Bay Estuaries,CHLOROTHALONIL,0,0,0,0,0,0
Adobe Creek-Frontal San Francisco Bay Estuaries,CYFLUTHRIN,0,0,0,0,0,0
Adobe Creek-Frontal San Francisco Bay Estuaries,DINOTEFURAN,0,0,0,0,41,41
Adobe Creek-Frontal San Francisco Bay Estuaries,LAMBDA-CYHALOTHRIN,0,0,0,0,0,0
Adobe Creek-Frontal San Francisco Bay Estuaries,PENDIMETHALIN,0,0,25,0,0,25
Adobe Creek-Frontal San Pablo Bay Estuaries,AZOXYSTROBIN,0,0,0,0,0,0
Adobe Creek-Frontal San Pablo Bay Estuaries,CHLORPYRIFOS,0,24,0,0,63,63
Adobe Creek-Frontal San Pablo Bay Estuaries,CLOTHIANIDIN,0,0,0,0,0,0
Adobe Creek-Frontal San Pablo Bay Estuaries,PENDIMETHALIN,0,0,0,0,0,0
Adobe Creek-Frontal San Pablo Bay Estuaries,SIMAZINE,0,0,0,0,0,0
Adobe Creek-Frontal San Pablo Bay Estuaries,TEBUCONAZOLE,0,0,0,0,0,0
Agua Caliente Creek-Frontal San Francisco Bay Estuaries,DIFENOCONAZOLE,0,0,0,0,0,0
Agua Caliente Creek-Frontal San Francisco Bay Estuaries,"GLYPHOSATE, POTASSIUM SALT",0,0,0,0,0,0
Alamo Creek,AZOXYSTROBIN,0,0,0,0,0,0
Alamo Creek,BETA-CYFLUTHRIN,0,0,0,0,0,0
Alamo Creek,BIFENTHRIN,0,0,0,0,0,0
Alamo Creek,CHLOROTHALONIL,0,0,0,0,0,0
Alamo Creek,PENDIMETHALIN,0,0,0,0,0,0
American Canyon Creek-Frontal San Pablo Bay Estuaries,CHLORANTRANILIPROLE,0,0,0,0,1,1
American Canyon Creek-Frontal San Pablo Bay Estuaries,TEBUCONAZOLE,0,0,0,0,0,0
American Canyon Creek-Frontal San Pablo Bay Estuaries,THIAMETHOXAM,0,0,0,0,0,0
American Canyon-Frontal Suisun Bay Estuaries,"2,4-D, DIMETHYLAMINE SALT",0,0,0,0,0,0
American Canyon-Frontal Suisun Bay Estuaries,AZOXYSTROBIN,0,0,0,0,0,0
American Canyon-Frontal Suisun Bay Estuaries,CLOTHIANIDIN,0,0,0,0,0,0
American Canyon-Frontal Suisun Bay Estuaries,DIFENOCONAZOLE,0,0,0,0,0,0
American Canyon-Frontal Suisun Bay Estuaries,TEBUCONAZOLE,0,0,0,0,0,0
Antelope Creek,BIFENTHRIN,0,0,0,0,0,0
Antelope Creek,CHLORANTRANILIPROLE,0,0,0,0,0,0
Antelope Creek,DINOTEFURAN,0,0,0,0,0,0
Antelope Creek,TRIFLOXYSTROBIN,0,0,0,0,0,0
Antelope Creek,TRIFLURALIN,0,0,0,0,0,0
Arcade Creek,"GLYPHOSATE, POTASSIUM SALT",0,0,0,0,0,0
Arcade Creek,MALATHION,0,0,0,0,0,0
Arroyo de la Laguna,CHLOROTHALONIL,0,0,0,0,0,0
Arroyo de la Laguna,DIFENOCONAZOLE,0,0,0,0,0,0
Arroyo de la Laguna,MALATHION,0,0,0,0,0,0
Arroyo de la Laguna,PENDIMETHALIN,0,0,0,0,0,0
Arroyo de la Laguna,TEBUCONAZOLE,0,0,0,0,0,0
Arroyo de la Laguna,TRIFLURALIN,0,0,0,0,0,0
Arroyo del Hambre-Frontal Suisun Bay Estuaries,SIMAZINE,0,0,136,64,0,136
Arroyo del Hambre-Frontal Suisun Bay Estuaries,TEBUCONAZOLE,0,0,0,0,0,0
Arroyo Seco,DIFENOCONAZOLE,0,0,0,0,0,0
Arroyo Seco,PENDIMETHALIN,0,0,0,0,0,0
Arroyo Seco,TEBUCONAZOLE,0,0,0,0,0,0
Arroyo Seco,THIAMETHOXAM,0,0,0,0,0,0
Badger Creek,CHLORANTRANILIPROLE,0,0,0,0,95,95
Badger Creek,CHLORPYRIFOS,0,24,0,0,53,53
Badger Creek,DIMETHOATE,0,0,0,0,18,18
Badger Creek,DINOTEFURAN,0,0,0,0,10,10
Badger Creek,FLUBENDIAMIDE,0,0,0,0,0,0
Badger Creek,PENDIMETHALIN,0,0,0,0,0,0
Badger Creek,SIMAZINE,0,0,5,0,0,5
Badger Creek,TEBUCONAZOLE,0,0,0,0,0,0
Badger Creek,THIAMETHOXAM,0,0,0,0,0,0
Barker Slough,AZOXYSTROBIN,0,0,0,0,0,0
Barker Slough,BIFENTHRIN,0,0,0,0,0,0
Barker Slough,CHLORANTRANILIPROLE,0,0,0,0,0,0
Barker Slough,CHLOROTHALONIL,10,1,11,0,1,11
Barker Slough,CHLORPYRIFOS,0,8,0,0,39,39
Barker Slough,PENDIMETHALIN,0,0,84,0,0,84
Barker Slough,TEBUCONAZOLE,0,0,0,0,0,0
Beaver Lake-Sacramento River,ATRAZINE,0,0,0,0,0,0
Beaver Lake-Sacramento River,CARBARYL,0,8,0,0,0,8
Beaver Lake-Sacramento River,CHLORANTRANILIPROLE,0,0,0,0,0,0
Beaver Lake-Sacramento River,CHLORPYRIFOS,0,0,0,0,0,0
Beaver Lake-Sacramento River,DIMETHOATE,0,0,0,0,25,25
Beaver Lake-Sacramento River,LAMBDA-CYHALOTHRIN,0,0,0,0,0,0
Beaver Lake-Sacramento River,METRIBUZIN,0,0,0,0,0,0
Beaver Lake-Sacramento River,PENDIMETHALIN,0,0,0,0,0,0
Beaver Lake-Sacramento River,SIMAZINE,0,0,0,0,0,0
Beaver Lake-Sacramento River,TEBUCONAZOLE,0,0,0,0,0,0
Beaver Lake-Sacramento River,THIAMETHOXAM,0,0,0,0,0,0
Beaver Lake-Sacramento River,TRIFLURALIN,0,0,0,0,0,0
Boscha Lake (Historical)-Stanislaus River,AZOXYSTROBIN,0,0,0,0,0,0
Boscha Lake (Historical)-Stanislaus River,BIFENTHRIN,0,0,0,0,0,0
Boscha Lake (Historical)-Stanislaus River,CHLORANTRANILIPROLE,0,0,0,0,37,37
Boscha Lake (Historical)-Stanislaus River,CHLOROTHALONIL,0,0,6,0,0,6
Boscha Lake (Historical)-Stanislaus River,CHLORPYRIFOS,0,131,0,0,265,265
Boscha Lake (Historical)-Stanislaus River,DIMETHOATE,0,0,0,0,49,49
Boscha Lake (Historical)-Stanislaus River,MALATHION,0,1,0,0,6,6
Boscha Lake (Historical)-Stanislaus River,PENDIMETHALIN,0,0,0,0,0,0
Boscha Lake (Historical)-Stanislaus River,SIMAZINE,0,0,0,0,0,0
Burdell Mountain-Frontal San Pablo Bay Estuaries,DIFENOCONAZOLE,0,0,0,0,0,0
Burdell Mountain-Frontal San Pablo Bay Estuaries,"GLYPHOSATE, POTASSIUM SALT",0,0,0,0,0,0
Burdell Mountain-Frontal San Pablo Bay Estuaries,TEBUCONAZOLE,0,0,0,0,0,0
Burns Cutoff-San Joaquin River,"2,4-D, DIMETHYLAMINE SALT",0,0,0,0,0,0
Burns Cutoff-San Joaquin River,BIFENTHRIN,0,0,0,0,0,0
Burns Cutoff-San Joaquin River,PENDIMETHALIN,0,0,0,0,0,0
Burns Cutoff-San Joaquin River,TEBUCONAZOLE,0,0,0,0,0,0
Calabazas Creek-Frontal San Francisco Bay Estuaries,DIFENOCONAZOLE,0,0,0,0,0,0
Calabazas Creek-Frontal San Francisco Bay Estuaries,ESFENVALERATE,0,0,0,0,0,0
Calabazas Creek-Frontal San Francisco Bay Estuaries,TEBUCONAZOLE,0,0,0,0,0,0
Califton Court Forebay,AZOXYSTROBIN,0,0,0,0,0,0
Califton Court Forebay,BIFENTHRIN,0,0,0,0,0,0
Califton Court Forebay,CHLORANTRANILIPROLE,0,0,0,0,0,0
Califton Court Forebay,DIFENOCONAZOLE,0,0,0,0,0,0
Califton Court Forebay,PENDIMETHALIN,0,0,0,0,0,0
Califton Court Forebay,TEBUCONAZOLE,0,0,0,0,0,0
Carneros Creek-Frontal San Pablo Bay Estuaries,AZOXYSTROBIN,0,0,0,0,0,0
Carneros Creek-Frontal San Pablo Bay Estuaries,CHLORANTRANILIPROLE,0,0,0,0,0,0
Carneros Creek-Frontal San Pablo Bay Estuaries,CHLORPYRIFOS,0,0,0,0,12,12
Carneros Creek-Frontal San Pablo Bay Estuaries,CLOTHIANIDIN,0,0,0,0,0,0
Carneros Creek-Frontal San Pablo Bay Estuaries,DIFENOCONAZOLE,0,0,0,0,0,0
Carneros Creek-Frontal San Pablo Bay Estuaries,DINOTEFURAN,0,0,0,0,0,0
Carneros Creek-Frontal San Pablo Bay Estuaries,PENDIMETHALIN,0,0,0,0,0,0
Carneros Creek-Frontal San Pablo Bay Estuaries,SIMAZINE,0,0,1,0,0,1
Carneros Creek-Frontal San Pablo Bay Estuaries,TEBUCONAZOLE,0,0,0,0,0,0
Carneros Creek-Frontal San Pablo Bay Estuaries,THIAMETHOXAM,0,0,0,0,0,0
Cashman Creek,AZOXYSTROBIN,0,0,0,0,0,0
Cashman Creek,BIFENTHRIN,0,0,0,0,0,0
Cashman Creek,CHLORANTRANILIPROLE,0,56,0,0,106,106
Cashman Creek,CHLOROTHALONIL,1,0,2,0,0,2
Cashman Creek,CHLORPYRIFOS,0,21,0,0,42,42
Cashman Creek,FLUBENDIAMIDE,0,0,0,0,0,0
Cashman Creek,LAMBDA-CYHALOTHRIN,0,0,0,0,0,0
Cashman Creek,PENDIMETHALIN,0,0,52,0,0,52
Cashman Creek,SIMAZINE,0,0,0,0,0,0
Chickahominy Slough-Dry Slough,AZOXYSTROBIN,0,0,0,0,0,0
Chickahominy Slough-Dry Slough,BIFENTHRIN,0,0,0,0,0,0
Chickahominy Slough-Dry Slough,CARBARYL,0,8,0,0,0,8
Chickahominy Slough-Dry Slough,CHLORANTRANILIPROLE,0,0,0,0,0,0
Chickahominy Slough-Dry Slough,CHLOROTHALONIL,0,0,0,0,0,0
Chickahominy Slough-Dry Slough,CHLORPYRIFOS,0,26,0,0,59,59
Chickahominy Slough-Dry Slough,LAMBDA-CYHALOTHRIN,0,0,0,0,0,0
Chickahominy Slough-Dry Slough,METRIBUZIN,0,0,0,0,0,0
Chickahominy Slough-Dry Slough,PENDIMETHALIN,0,0,0,0,0,0
Chickahominy Slough-Dry Slough,TEBUCONAZOLE,0,0,0,0,0,0
Chickahominy Slough-Dry Slough,TRIFLURALIN,0,0,0,0,0,0
Chiles Creek,AZOXYSTROBIN,0,0,0,0,0,0
Chiles Creek,CHLORANTRANILIPROLE,0,0,0,0,0,0
Chiles Creek,DIFENOCONAZOLE,0,0,0,0,0,0
Chiles Creek,PENDIMETHALIN,0,0,0,0,0,0
Chiles Creek,SIMAZINE,0,0,8,0,0,8
Chiles Creek,TEBUCONAZOLE,0,0,0,0,0,0
Colma Creek-Frontal San Francisco Bay Estuaries,AZOXYSTROBIN,0,0,0,0,0,0
Colma Creek-Frontal San Francisco Bay Estuaries,DINOTEFURAN,0,0,0,0,151,151
Colma Creek-Frontal San Francisco Bay Estuaries,LAMBDA-CYHALOTHRIN,0,0,0,0,0,0
Cordileras Creek-Frontal San Francisco Bay Estuaries,DIFENOCONAZOLE,0,0,0,0,0,0
Cordileras Creek-Frontal San Francisco Bay Estuaries,TEBUCONAZOLE,0,0,0,0,0,0
Cottonwood Slough,"2,4-D, DIMETHYLAMINE SALT",0,0,0,0,0,0
Cottonwood Slough,AZOXYSTROBIN,0,0,0,0,0,0
Cottonwood Slough,BIFENTHRIN,0,0,0,0,0,0
Cottonwood Slough,CARBARYL,0,0,0,0,0,0
Cottonwood Slough,CHLORANTRANILIPROLE,0,0,0,0,0,0
Cottonwood Slough,CHLOROTHALONIL,0,0,0,0,0,0
Cottonwood Slough,DIMETHOATE,0,0,0,0,14,14
Cottonwood Slough,FLUBENDIAMIDE,0,0,0,0,0,0
Cottonwood Slough,LAMBDA-CYHALOTHRIN,0,0,0,0,0,0
Cottonwood Slough,METRIBUZIN,0,0,0,0,0,0
Cottonwood Slough,PENDIMETHALIN,0,0,0,0,0,0
Cottonwood Slough,TRIFLURALIN,0,0,0,0,0,0
Coyote Creek,CHLORANTRANILIPROLE,0,0,0,0,0,0
Coyote Creek,CHLORPYRIFOS,0,56,0,0,97,97
Coyote Creek,DIMETHOATE,0,0,0,0,3,3
Coyote Creek,PENDIMETHALIN,0,0,0,0,0,0
Coyote Creek,SIMAZINE,0,0,61,0,0,61
Coyote Creek,TEBUCONAZOLE,0,0,0,0,0,0
Coyote Creek,THIAMETHOXAM,0,0,0,0,0,0
Curry Creek,AZOXYSTROBIN,0,0,0,0,0,0
Curry Creek,CHLORANTRANILIPROLE,0,0,0,0,0,0
Curry Creek,LAMBDA-CYHALOTHRIN,0,0,0,0,0,0
Curry Creek,PENDIMETHALIN,0,0,0,0,0,0
Dry Creek,AZOXYSTROBIN,0,0,0,0,0,0
Dry Creek,BETA-CYFLUTHRIN,0,0,0,0,0,0
Dry Creek,BIFENTHRIN,0,0,0,0,0,0
Dry Creek,CHLORANTRANILIPROLE,0,0,0,0,9,9
Dry Creek,CHLOROTHALONIL,7,0,7,0,0,7
Dry Creek,CHLORPYRIFOS,0,2,0,0,18,18
Dry Creek,DIFENOCONAZOLE,0,0,0,0,0,0
Dry Creek,LAMBDA-CYHALOTHRIN,0,0,0,0,0,0
Dry Creek,PENDIMETHALIN,0,0,0,0,0,0
Dry Creek,TEBUCONAZOLE,0,0,0,0,0,0
Dry Creek-Arroyo Valle,CHLORANTRANILIPROLE,0,0,0,0,0,0
Dry Creek-Arroyo Valle,DIFENOCONAZOLE,0,0,0,0,0,0
Dry Creek-Arroyo Valle,PENDIMETHALIN,0,0,11,0,0,11
Dry Creek-Arroyo Valle,TEBUCONAZOLE,0,0,0,0,0,0
Duck Creek-Calaveras River,BIFENTHRIN,0,0,0,0,0,0
Duck Creek-Calaveras River,CHLORANTRANILIPROLE,0,0,0,0,3,3
Duck Creek-Calaveras River,CHLOROTHALONIL,0,0,3,0,0,3
Duck Creek-Calaveras River,CHLORPYRIFOS,0,62,0,0,129,129
Duck Creek-Calaveras River,PENDIMETHALIN,0,0,0,0,0,0
Duck Creek-Calaveras River,SIMAZINE,0,0,14,0,0,14
Duck Creek-Calaveras River,TEBUCONAZOLE,0,0,0,0,0,0
Duck Creek-Calaveras River,THIAMETHOXAM,0,0,0,0,0,0
Dutch Ravine-Auburn Ravine,"2,4-D, DIMETHYLAMINE SALT",0,0,0,0,0,0
Dutch Ravine-Auburn Ravine,AZOXYSTROBIN,0,0,0,0,0,0
Dutch Ravine-Auburn Ravine,BIFENTHRIN,0,0,0,0,0,0
Dutch Ravine-Auburn Ravine,CHLORANTRANILIPROLE,0,0,0,0,0,0
Dutch Ravine-Auburn Ravine,CHLORPYRIFOS,0,2,0,0,21,21
Dutch Ravine-Auburn Ravine,LAMBDA-CYHALOTHRIN,0,0,0,0,0,0
Dutch Ravine-Auburn Ravine,PENDIMETHALIN,0,0,0,0,0,0
Dutch Ravine-Auburn Ravine,SIMAZINE,0,0,0,0,0,0
Dutch Slough-Big Break,BIFENTHRIN,0,0,0,0,0,0
Dutch Slough-Big Break,CARBARYL,0,21,0,0,0,21
Dutch Slough-Big Break,CHLORANTRANILIPROLE,0,0,0,0,0,0
Dutch Slough-Big Break,CHLOROTHALONIL,0,0,0,0,0,0
Dutch Slough-Big Break,CHLORPYRIFOS,0,97,0,0,191,191
Dutch Slough-Big Break,DIMETHOATE,0,0,0,0,6,6
Dutch Slough-Big Break,DINOTEFURAN,0,0,0,0,0,0
Dutch Slough-Big Break,FLUBENDIAMIDE,0,0,0,0,0,0
Dutch Slough-Big Break,PENDIMETHALIN,0,0,0,0,0,0
Dutch Slough-Big Break,SIMAZINE,0,0,0,0,0,0
Elder Creek,AZOXYSTROBIN,0,0,0,0,0,0
Elder Creek,BIFENTHRIN,0,0,0,0,0,0
Elder Creek,CHLOROTHALONIL,0,0,0,0,0,0
Elder Creek,CHLORPYRIFOS,0,0,0,0,2,2
Elder Creek,DIMETHOATE,0,0,0,0,4,4
Elder Creek,DINOTEFURAN,0,0,0,0,12,12
Elder Creek,MALATHION,0,0,0,0,1,1
Elder Creek,PENDIMETHALIN,0,0,0,0,0,0
Elder Creek,THIAMETHOXAM,0,0,0,0,0,0
Elder Creek,TRIFLURALIN,0,0,0,0,0,0
Fivemile Creek-San Joaquin River,CHLORANTRANILIPROLE,0,0,0,0,0,0
Fivemile Creek-San Joaquin River,CHLORPYRIFOS,0,6,0,0,25,25
Fivemile Creek-San Joaquin River,DIMETHOATE,0,0,0,0,53,53
Fivemile Creek-San Joaquin River,LAMBDA-CYHALOTHRIN,0,0,0,0,0,0
Fivemile Creek-San Joaquin River,MALATHION,0,0,0,0,3,3
Fivemile Creek-San Joaquin River,METRIBUZIN,0,0,0,0,0,0
Fivemile Creek-San Joaquin River,PENDIMETHALIN,0,0,0,0,0,0
Fivemile Creek-San Joaquin River,SIMAZINE,0,0,0,0,0,0
Fowler Creek,AZOXYSTROBIN,0,0,0,0,0,0
Fowler Creek,CHLORANTRANILIPROLE,0,0,0,0,0,0
Fowler Creek,CLOTHIANIDIN,0,0,0,0,0,0
Fowler Creek,DIFENOCONAZOLE,0,0,0,0,0,0
Fowler Creek,DINOTEFURAN,0,0,0,0,0,0
Fowler Creek,PENDIMETHALIN,0,0,0,0,0,0
Fowler Creek,SIMAZINE,0,0,3,0,0,3
Fowler Creek,TEBUCONAZOLE,0,0,0,0,0,0
Gibson Canyon Creek-Sweany Creek,BIFENTHRIN,0,0,0,0,0,0
Gibson Canyon Creek-Sweany Creek,CHLORANTRANILIPROLE,0,2,0,0,45,45
Gibson Canyon Creek-Sweany Creek,CHLOROTHALONIL,0,0,1,0,0,1
Gibson Canyon Creek-Sweany Creek,CHLORPYRIFOS,0,37,0,0,78,78
Gibson Canyon Creek-Sweany Creek,DIMETHOATE,0,0,0,0,21,21
Gibson Canyon Creek-Sweany Creek,LAMBDA-CYHALOTHRIN,0,0,0,0,0,0
Gibson Canyon Creek-Sweany Creek,PENDIMETHALIN,0,0,15,0,0,15
Gibson Lake-Dry Creek,"GLYPHOSATE, POTASSIUM SALT",0,0,0,0,0,0
Gibson Lake-Dry Creek,PENDIMETHALIN,0,0,0,0,0,0
Gibson Lake-Dry Creek,TRIFLURALIN,0,0,0,0,0,0
Gilmore 571 Dam,BIFENTHRIN,0,0,0,0,0,0
Gilmore 571 Dam,CHLORANTRANILIPROLE,0,0,0,0,0,0
Gilmore 571 Dam,CHLOROTHALONIL,0,0,0,0,0,0
Gilmore 571 Dam,CHLORPYRIFOS,0,14,0,0,45,45
Gilmore 571 Dam,DINOTEFURAN,0,0,0,0,0,0
Gilmore 571 Dam,MALATHION,0,3,0,0,4,4
Gilmore 571 Dam,PENDIMETHALIN,0,0,0,0,0,0
Gilmore 571 Dam,SIMAZINE,0,0,0,0,0,0
Green Valley Creek,AZOXYSTROBIN,0,0,0,0,0,0
Green Valley Creek,CHLORPYRIFOS,0,0,0,0,3,3
Green Valley Creek,CLOTHIANIDIN,0,0,0,0,0,0
Green Valley Creek,DIFENOCONAZOLE,0,0,0,0,0,0
Green Valley Creek,PENDIMETHALIN,0,0,0,0,0,0
Green Valley Creek,TEBUCONAZOLE,0,0,0,0,0,0
Grizzly Slough-Cosumnes River,"2,4-D, DIMETHYLAMINE SALT",0,0,0,0,0,0
Grizzly Slough-Cosumnes River,CHLORANTRANILIPROLE,0,0,0,0,0,0
Grizzly Slough-Cosumnes River,CHLORPYRIFOS,0,44,0,0,135,135
Grizzly Slough-Cosumnes River,DIMETHOATE,0,0,0,0,21,21
Grizzly Slough-Cosumnes River,PENDIMETHALIN,0,0,0,0,0,0
Grizzly Slough-Cosumnes River,SIMAZINE,0,0,0,0,0,0
Grizzly Slough-Cosumnes River,TEBUCONAZOLE,0,0,0,0,0,0
Grizzly Slough-Cosumnes River,THIAMETHOXAM,0,0,0,0,0,0
Grizzly Slough-Cosumnes River,TRIFLURALIN,0,0,0,0,0,0
Guadalupe River,AZOXYSTROBIN,0,0,0,0,0,0
Guadalupe River,DIFENOCONAZOLE,0,0,0,0,0,0
Guadalupe River,TEBUCONAZOLE,0,0,0,0,0,0
Guadalupe River,TRIFLOXYSTROBIN,0,0,0,0,0,0
Hadselville Creek,AZOXYSTROBIN,0,0,0,0,0,0
Hadselville Creek,CHLORANTRANILIPROLE,0,0,0,0,0,0
Hadselville Creek,CHLORPYRIFOS,0,41,0,0,57,57
Hadselville Creek,PENDIMETHALIN,0,0,32,0,0,32
Hadselville Creek,SIMAZINE,0,0,0,0,0,0
Hadselville Creek,TEBUCONAZOLE,0,0,0,0,0,0
Hadselville Creek,THIAMETHOXAM,0,0,0,0,0,0
Hog Slough,CARBARYL,0,2,0,0,0,2
Hog Slough,CHLORANTRANILIPROLE,0,0,0,0,0,0
Hog Slough,CHLORPYRIFOS,0,29,0,0,68,68
Hog Slough,CLOTHIANIDIN,0,0,0,0,0,0
Hog Slough,DIMETHOATE,0,0,0,0,3,3
Hog Slough,PENDIMETHALIN,0,0,0,0,0,0
Hog Slough,SIMAZINE,0,0,0,0,0,0
Hog Slough,TEBUCONAZOLE,0,0,0,0,0,0
Hog Slough,THIAMETHOXAM,0,0,0,0,0,0
Hospital Creek,AZOXYSTROBIN,0,0,0,0,0,0
Hospital Creek,BIFENTHRIN,0,0,0,0,0,0
Hospital Creek,CARBARYL,0,17,0,0,0,17
Hospital Creek,CHLORANTRANILIPROLE,0,33,0,0,201,201
Hospital Creek,CHLOROTHALONIL,26,0,32,0,0,32
Hospital Creek,CHLORPYRIFOS,0,76,0,0,104,104
Hospital Creek,DIMETHOATE,0,0,0,0,11,11
Hospital Creek,PENDIMETHALIN,0,0,41,0,0,41
Ingram Creek,AZOXYSTROBIN,0,0,0,0,0,0
Ingram Creek,BIFENTHRIN,0,0,0,0,0,0
Ingram Creek,CARBARYL,0,0,0,0,0,0
Ingram Creek,CHLORANTRANILIPROLE,0,9,0,0,117,117
Ingram Creek,CHLOROTHALONIL,6,0,16,0,0,16
Ingram Creek,CHLORPYRIFOS,0,39,0,0,107,107
Ingram Creek,DIMETHOATE,0,0,0,0,31,31
Ingram Creek,LAMBDA-CYHALOTHRIN,0,0,0,0,0,0
Ingram Creek,PENDIMETHALIN,0,0,0,0,0,0
Jahant Slough,CHLORANTRANILIPROLE,0,0,0,0,16,16
Jahant Slough,CHLORPYRIFOS,0,133,0,0,172,172
Jahant Slough,SIMAZINE,0,0,0,0,0,0
Jersey Island-Taylor Slough,"2,4-D, DIMETHYLAMINE SALT",0,0,0,0,0,0
Jersey Island-Taylor Slough,BIFENTHRIN,0,0,0,0,0,0
Jersey Island-Taylor Slough,CARBARYL,0,0,0,0,0,0
Jersey Island-Taylor Slough,CHLORANTRANILIPROLE,0,0,0,0,0,0
Jersey Island-Taylor Slough,CHLOROTHALONIL,0,0,0,0,0,0
Jersey Island-Taylor Slough,CHLORPYRIFOS,0,0,0,0,0,0
Jersey Island-Taylor Slough,DIMETHOATE,0,0,0,0,1,1
Jersey Island-Taylor Slough,DINOTEFURAN,0,0,0,0,0,0
Jersey Island-Taylor Slough,FLUBENDIAMIDE,0,0,0,0,0,0
Jersey Island-Taylor Slough,LAMBDA-CYHALOTHRIN,0,0,0,0,0,0
Jersey Island-Taylor Slough,PENDIMETHALIN,0,0,0,0,0,0
Jersey Island-Taylor Slough,TRIFLURALIN,0,0,0,0,0,0
Kern Canyon-San Joaquin River,AZOXYSTROBIN,0,0,0,0,0,0
Kern Canyon-San Joaquin River,BIFENTHRIN,0,0,0,0,0,0
Kern Canyon-San Joaquin River,CARBARYL,0,8,0,0,0,8
Kern Canyon-San Joaquin River,CHLORANTRANILIPROLE,0,19,0,0,137,137
Kern Canyon-San Joaquin River,CHLOROTHALONIL,6,0,17,0,0,17
Kern Canyon-San Joaquin River,CHLORPYRIFOS,0,49,0,0,93,93
Kern Canyon-San Joaquin River,DIMETHOATE,0,0,0,0,72,72
Kern Canyon-San Joaquin River,FLUBENDIAMIDE,0,0,0,0,0,0
Kern Canyon-San Joaquin River,LAMBDA-CYHALOTHRIN,0,0,0,0,0,0
Kern Canyon-San Joaquin River,METRIBUZIN,0,0,0,0,0,0
Kern Canyon-San Joaquin River,PENDIMETHALIN,0,0,0,0,0,0
Kern Canyon-San Joaquin River,SIMAZINE,0,0,0,0,0,0
Knights Landing Ridge Cut,AZOXYSTROBIN,0,0,0,0,0,0
Knights Landing Ridge Cut,BIFENTHRIN,0,0,0,0,0,0
Knights Landing Ridge Cut,CARBARYL,0,3,0,0,0,3
Knights Landing Ridge Cut,CHLORANTRANILIPROLE,0,0,0,0,0,0
Knights Landing Ridge Cut,CHLOROTHALONIL,0,0,0,0,0,0
Knights Landing Ridge Cut,CHLORPYRIFOS,0,21,0,0,53,53
Knights Landing Ridge Cut,DIMETHOATE,0,0,0,0,3,3
Knights Landing Ridge Cut,FLUBENDIAMIDE,0,0,0,0,0,0
Knights Landing Ridge Cut,LAMBDA-CYHALOTHRIN,0,0,0,0,0,0
Knights Landing Ridge Cut,METRIBUZIN,0,0,0,0,0,0
Knights Landing Ridge Cut,PENDIMETHALIN,0,0,0,0,0,0
Knights Landing Ridge Cut,TRIFLURALIN,0,0,0,0,0,0
Laguna Creek,"2,4-D, DIMETHYLAMINE SALT",0,0,0,0,0,0
Laguna Creek,AZOXYSTROBIN,0,0,0,0,0,0
Laguna Creek,BIFENTHRIN,0,0,0,0,0,0
Laguna Creek,CHLORANTRANILIPROLE,0,0,0,0,0,0
Laguna Creek,CHLOROTHALONIL,0,0,0,0,0,0
Laguna Creek,CHLORPYRIFOS,0,0,0,0,7,7
Laguna Creek,DIMETHOATE,0,0,0,0,2,2
Laguna Creek,DINOTEFURAN,0,0,0,0,0,0
Laguna Creek,PENDIMETHALIN,0,0,0,0,0,0
Laguna Creek,SIMAZINE,0,0,0,0,0,0
Laguna Creek,THIAMETHOXAM,0,0,0,0,0,0
Laguna Creek,TRIFLURALIN,0,0,0,0,0,0
Lake Curry-Suisun Creek,CLOTHIANIDIN,0,0,0,0,0,0
Lake Curry-Suisun Creek,DIFENOCONAZOLE,0,0,0,0,0,0
Lake Curry-Suisun Creek,MALATHION,0,0,0,0,0,0
Lake Greenhaven-Sacramento River,"2,4-D, DIMETHYLAMINE SALT",0,0,0,0,0,0
Lake Greenhaven-Sacramento River,BIFENTHRIN,0,0,0,0,0,0
Lake Greenhaven-Sacramento River,CHLORANTRANILIPROLE,0,0,0,0,0,0
Lake Greenhaven-Sacramento River,CHLOROTHALONIL,0,0,0,0,0,0
Lake Greenhaven-Sacramento River,DIMETHOATE,0,0,0,0,34,34
Lake Greenhaven-Sacramento River,LAMBDA-CYHALOTHRIN,0,0,0,0,0,0
Lake Greenhaven-Sacramento River,PENDIMETHALIN,0,0,0,0,0,0
Lake Greenhaven-Sacramento River,TRIFLURALIN,0,0,0,0,0,0
Lake Hennessey-Conn Creek,AZOXYSTROBIN,0,0,0,0,0,0
Lake Hennessey-Conn Creek,CHLORANTRANILIPROLE,0,0,0,0,0,0
Lake Hennessey-Conn Creek,CLOTHIANIDIN,0,0,0,0,0,0
Lake Hennessey-Conn Creek,DIFENOCONAZOLE,0,0,0,0,0,0
Lake Hennessey-Conn Creek,DINOTEFURAN,0,0,0,0,0,0
Lake Hennessey-Conn Creek,PENDIMETHALIN,0,0,0,0,0,0
Lake Hennessey-Conn Creek,SIMAZINE,0,0,0,0,0,0
Lake Hennessey-Conn Creek,TEBUCONAZOLE,0,0,0,0,0,0
Lake Ramona-San Joaquin River,AZOXYSTROBIN,0,0,0,0,0,0
Lake Ramona-San Joaquin River,BIFENTHRIN,0,0,0,0,0,0
Lake Ramona-San Joaquin River,CHLORANTRANILIPROLE,0,0,0,0,60,60
Lake Ramona-San Joaquin River,CHLOROTHALONIL,5,0,17,0,0,17
Lake Ramona-San Joaquin River,CHLORPYRIFOS,0,116,0,0,296,296
Lake Ramona-San Joaquin River,DIMETHOATE,0,0,0,0,84,84
Lake Ramona-San Joaquin River,PENDIMETHALIN,0,0,0,0,0,0
Lake Ramona-San Joaquin River,SIMAZINE,0,0,0,0,0,0
Lamb Valley Slough-South Fork Willow Slough,AZOXYSTROBIN,0,0,0,0,0,0
Lamb Valley Slough-South Fork Willow Slough,BIFENTHRIN,0,0,0,0,0,0
Lamb Valley Slough-South Fork Willow Slough,CARBARYL,0,0,0,0,0,0
Lamb Valley Slough-South Fork Willow Slough,CHLORANTRANILIPROLE,0,0,0,0,1,1
Lamb Valley Slough-South Fork Willow Slough,CHLOROTHALONIL,0,0,0,0,0,0
Lamb Valley Slough-South Fork Willow Slough,CHLORPYRIFOS,0,6,0,0,13,13
Lamb Valley Slough-South Fork Willow Slough,DIMETHOATE,0,0,0,0,24,24
Lamb Valley Slough-South Fork Willow Slough,FLUBENDIAMIDE,0,0,0,0,0,0
Lamb Valley Slough-South Fork Willow Slough,LAMBDA-CYHALOTHRIN,0,0,0,0,0,0
Lamb Valley Slough-South Fork Willow Slough,PENDIMETHALIN,0,0,0,0,0,0
Lamb Valley Slough-South Fork Willow Slough,TRIFLURALIN,0,0,0,0,0,0
Laurel Creek-Frontal Suisun Bay,CHLORPYRIFOS,0,26,0,0,93,93
Laurel Creek-Frontal Suisun Bay,PENDIMETHALIN,0,0,0,0,0,0
Ledgewood Creek,AZOXYSTROBIN,0,0,0,0,0,0
Ledgewood Creek,CHLOROTHALONIL,0,0,0,0,0,0
Ledgewood Creek,CHLORPYRIFOS,0,20,0,0,60,60
Ledgewood Creek,CLOTHIANIDIN,0,0,0,0,0,0
Ledgewood Creek,DINOTEFURAN,0,0,0,0,0,0
Ledgewood Creek,PENDIMETHALIN,0,0,0,0,0,0
Ledgewood Creek,SIMAZINE,0,0,6,0,0,6
Ledgewood Creek,TEBUCONAZOLE,0,0,0,0,0,0
Liberty Cemetary-Dry Creek,CHLORANTRANILIPROLE,0,0,0,0,2,2
Liberty Cemetary-Dry Creek,CHLORPYRIFOS,0,159,0,0,225,225
Liberty Cemetary-Dry Creek,DIMETHOATE,0,0,0,0,9,9
Liberty Cemetary-Dry Creek,PENDIMETHALIN,0,0,0,0,0,0
Liberty Cemetary-Dry Creek,SIMAZINE,0,0,0,0,0,0
Linda Creek-Cirby Creek,"GLYPHOSATE, POTASSIUM SALT",0,0,0,0,0,0
Linda Creek-Cirby Creek,MALATHION,0,0,0,0,0,0
Linda Creek-Cirby Creek,TRIFLOXYSTROBIN,0,0,0,0,0,0
Lindsey Slough,"2,4-D, DIMETHYLAMINE SALT",0,0,0,0,0,0
Lindsey Slough,DIMETHOATE,0,0,0,0,0,0
Lindsey Slough,"GLYPHOSATE, POTASSIUM SALT",0,0,0,0,0,0
Little Salado Creek,AZOXYSTROBIN,0,0,0,0,0,0
Little Salado Creek,BIFENTHRIN,0,0,0,0,0,0
Little Salado Creek,CHLORANTRANILIPROLE,0,0,0,0,0,0
Little Salado Creek,CHLOROTHALONIL,0,0,0,0,0,0
Little Salado Creek,CHLORPYRIFOS,0,0,0,0,8,8
Little Salado Creek,FLUBENDIAMIDE,0,0,0,0,0,0
Little Salado Creek,LAMBDA-CYHALOTHRIN,0,0,0,0,0,0
Little Salado Creek,PENDIMETHALIN,0,0,0,0,0,0
Little Salado Creek,SIMAZINE,0,0,0,0,0,0
Loch Lane-Dry Creek,CHLORANTRANILIPROLE,0,0,0,0,80,80
Loch Lane-Dry Creek,CHLORPYRIFOS,0,7,0,0,65,65
Loch Lane-Dry Creek,DIFENOCONAZOLE,0,0,0,0,0,0
Loch Lane-Dry Creek,DIMETHOATE,0,0,0,0,10,10
Loch Lane-Dry Creek,PENDIMETHALIN,0,0,0,0,0,0
Loch Lane-Dry Creek,SIMAZINE,0,0,25,0,0,25
Loch Lane-Dry Creek,TEBUCONAZOLE,0,0,0,0,0,0
Loch Lane-Dry Creek,THIAMETHOXAM,0,0,0,0,15,15
Long Gulch-Rock Creek,"2,4-D, DIMETHYLAMINE SALT",0,0,0,0,0,0
Long Gulch-Rock Creek,AZOXYSTROBIN,0,0,0,0,0,0
Long Gulch-Rock Creek,BIFENTHRIN,0,0,0,0,0,0
Long Gulch-Rock Creek,CHLORANTRANILIPROLE,0,0,0,0,0,0
Long Gulch-Rock Creek,CHLORPYRIFOS,0,0,0,0,3,3
Long Gulch-Rock Creek,DIMETHOATE,0,0,0,0,0,0
Long Gulch-Rock Creek,FLUBENDIAMIDE,0,0,0,0,0,0
Long Gulch-Rock Creek,LAMBDA-CYHALOTHRIN,0,0,0,0,0,0
Long Gulch-Rock Creek,PENDIMETHALIN,0,0,0,0,0,0
Los Gatos Creek,AZOXYSTROBIN,0,0,0,0,0,0
Los Gatos Creek,DIFENOCONAZOLE,0,0,0,0,0,0
Los Gatos Creek,TEBUCONAZOLE,0,0,0,0,0,0
Lower Alameda Creek,CHLOROTHALONIL,0,0,0,0,0,0
Lower Alameda Creek,PENDIMETHALIN,0,0,31,0,0,31
Lower American River,"GLYPHOSATE, POTASSIUM SALT",0,0,0,0,0,0
Lower Arroyo Las Positas,BIFENTHRIN,0,0,0,0,0,0
Lower Arroyo Las Positas,CHLORANTRANILIPROLE,0,0,0,0,0,0
Lower Arroyo Las Positas,DIFENOCONAZOLE,0,0,0,0,0,0
Lower Arroyo Las Positas,LAMBDA-CYHALOTHRIN,0,0,0,0,0,0
Lower Arroyo Las Positas,PENDIMETHALIN,0,0,0,0,0,0
Lower Arroyo Las Positas,TEBUCONAZOLE,0,0,0,0,0,0
Lower Arroyo Mocho,CHLORANTRANILIPROLE,0,0,0,0,0,0
Lower Arroyo Mocho,DIFENOCONAZOLE,0,0,0,0,0,0
Lower Arroyo Mocho,PENDIMETHALIN,0,0,0,0,0,0
Lower Arroyo Mocho,TEBUCONAZOLE,0,0,0,0,0,0
Lower Bear Creek,CHLORANTRANILIPROLE,0,0,0,0,0,0
Lower Bear Creek,CHLORPYRIFOS,0,33,0,0,91,91
Lower Bear Creek,DIMETHOATE,0,0,0,0,35,35
Lower Bear Creek,FLUBENDIAMIDE,0,0,0,0,0,0
Lower Bear Creek,MALATHION,0,2,0,0,2,2
Lower Bear Creek,METRIBUZIN,0,0,0,0,0,0
Lower Bear Creek,PENDIMETHALIN,0,0,0,0,0,0
Lower Bear Creek,SIMAZINE,0,0,21,0,0,21
Lower Bear Creek,TEBUCONAZOLE,0,0,0,0,0,0
Lower Deer Creek,CHLORANTRANILIPROLE,0,0,0,0,0,0
Lower Deer Creek,CHLORPYRIFOS,0,3,0,0,28,28
Lower Deer Creek,DIMETHOATE,0,0,0,0,30,30
Lower Deer Creek,PENDIMETHALIN,0,0,0,0,0,0
Lower Deer Creek,SIMAZINE,0,0,125,0,0,125
Lower Deer Creek,TEBUCONAZOLE,0,0,0,0,0,0
Lower Duck Creek,CHLORANTRANILIPROLE,0,0,0,0,0,0
Lower Duck Creek,CHLORPYRIFOS,0,83,0,0,158,158
Lower Duck Creek,DIMETHOATE,0,0,0,0,16,16
Lower Duck Creek,PENDIMETHALIN,0,0,0,0,0,0
Lower Duck Creek,SIMAZINE,0,0,0,0,0,0
Lower Kellogg Creek,AZOXYSTROBIN,0,0,0,0,0,0
Lower Kellogg Creek,BIFENTHRIN,0,0,0,0,0,0
Lower Kellogg Creek,CARBARYL,0,17,0,0,0,17
Lower Kellogg Creek,CHLORANTRANILIPROLE,0,0,0,0,0,0
Lower Kellogg Creek,CHLOROTHALONIL,0,0,0,0,0,0
Lower Kellogg Creek,CHLORPYRIFOS,0,5,0,0,61,61
Lower Kellogg Creek,CLOTHIANIDIN,0,0,0,0,0,0
Lower Kellogg Creek,DIMETHOATE,0,0,0,0,23,23
Lower Kellogg Creek,DINOTEFURAN,0,0,0,0,0,0
Lower Kellogg Creek,FLUBENDIAMIDE,0,0,0,0,0,0
Lower Kellogg Creek,MALATHION,0,0,0,0,2,2
Lower Kellogg Creek,PENDIMETHALIN,0,0,0,0,0,0
Lower Kellogg Creek,SIMAZINE,0,0,0,0,0,0
Lower Laguna,BIFENTHRIN,0,0,0,0,0,0
Lower Laguna,CHLORANTRANILIPROLE,0,0,0,0,0,0
Lower Laguna,CHLOROTHALONIL,0,0,0,0,0,0
Lower Laguna,CHLORPYRIFOS,0,39,0,0,84,84
Lower Laguna,DIMETHOATE,0,0,0,0,19,19
Lower Laguna,FLUBENDIAMIDE,0,0,0,0,0,0
Lower Laguna,LAMBDA-CYHALOTHRIN,0,0,0,0,0,0
Lower Laguna,PENDIMETHALIN,0,0,0,0,0,0
Lower Laguna,SIMAZINE,0,0,50,0,0,50
Lower Laguna,TEBUCONAZOLE,0,0,0,0,0,0
Lower Lone Tree Creek,BIFENTHRIN,0,0,0,0,0,0
Lower Lone Tree Creek,CHLORANTRANILIPROLE,0,0,0,0,26,26
Lower Lone Tree Creek,CHLOROTHALONIL,0,0,0,0,0,0
Lower Lone Tree Creek,CHLORPYRIFOS,0,91,0,0,202,202
Lower Lone Tree Creek,DIMETHOATE,0,0,0,0,58,58
Lower Lone Tree Creek,LAMBDA-CYHALOTHRIN,0,0,0,0,0,0
Lower Lone Tree Creek,MALATHION,0,0,0,0,1,1
Lower Lone Tree Creek,PENDIMETHALIN,0,0,0,0,0,0
Lower Lone Tree Creek,SIMAZINE,0,0,0,0,0,0
Lower Marsh Creek,AZOXYSTROBIN,0,0,0,0,0,0
Lower Marsh Creek,BETA-CYFLUTHRIN,0,0,0,0,0,0
Lower Marsh Creek,BIFENTHRIN,0,0,0,0,0,0
Lower Marsh Creek,CARBARYL,0,0,0,0,0,0
Lower Marsh Creek,CHLORANTRANILIPROLE,0,0,0,0,0,0
Lower Marsh Creek,CHLOROTHALONIL,0,0,0,0,0,0
Lower Marsh Creek,CHLORPYRIFOS,0,0,0,0,3,3
Lower Marsh Creek,CLOTHIANIDIN,0,0,0,0,0,0
Lower Marsh Creek,DINOTEFURAN,0,0,0,0,0,0
Lower Marsh Creek,LAMBDA-CYHALOTHRIN,0,0,0,0,0,0
Lower Marsh Creek,MALATHION,0,1,0,0,3,3
Lower Marsh Creek,PENDIMETHALIN,0,0,0,0,0,0
Lower Marsh Creek,SIMAZINE,0,0,0,0,0,0
Lower Marsh Creek,TEBUCONAZOLE,0,0,0,0,0,0
Lower Morrison Creek,DIMETHOATE,0,0,0,0,33,33
Lower Morrison Creek,PENDIMETHALIN,0,0,0,0,0,0
Lower Napa River,AZOXYSTROBIN,0,0,0,0,0,0
Lower Napa River,CHLORANTRANILIPROLE,0,0,0,0,0,0
Lower Napa River,CHLORPYRIFOS,0,0,0,0,0,0
Lower Napa River,CLOTHIANIDIN,0,0,0,0,0,0
Lower Napa River,DIFENOCONAZOLE,0,0,0,0,0,0
Lower Napa River,DIMETHOATE,0,0,0,0,1,1
Lower Napa River,DINOTEFURAN,0,0,0,0,0,0
Lower Napa River,MALATHION,0,0,0,0,0,0
Lower Napa River,PENDIMETHALIN,0,0,0,0,0,0
Lower Napa River,SIMAZINE,0,0,0,0,0,0
Lower Napa River,TEBUCONAZOLE,0,0,0,0,0,0
Lower Napa River,THIAMETHOXAM,0,0,0,0,0,0
Lower Old River,AZOXYSTROBIN,0,0,0,0,0,0
Lower Old River,BIFENTHRIN,0,0,0,0,0,0
Lower Old River,CHLORANTRANILIPROLE,0,0,0,0,0,0
Lower Old River,CHLOROTHALONIL,0,0,0,0,0,0
Lower Old River,CHLORPYRIFOS,0,17,0,0,76,76
Lower Old River,DIMETHOATE,0,0,0,0,122,122
Lower Old River,METRIBUZIN,0,0,0,0,0,0
Lower Old River,PENDIMETHALIN,0,0,0,0,0,0
Lower Sonoma Creek,AZOXYSTROBIN,0,0,0,0,0,0
Lower Sonoma Creek,CLOTHIANIDIN,0,0,0,0,0,0
Lower Sonoma Creek,DIFENOCONAZOLE,0,0,0,0,0,0
Lower Sonoma Creek,DINOTEFURAN,0,0,0,0,0,0
Lower Sonoma Creek,PENDIMETHALIN,0,0,0,0,0,0
Lower Sonoma Creek,SIMAZINE,0,0,2,0,0,2
Lower Sonoma Creek,TEBUCONAZOLE,0,0,0,0,0,0
Lower Steelhead Creek,"GLYPHOSATE, POTASSIUM SALT",0,0,0,0,0,0
Lower Ulatis Creek,"2,4-D, DIMETHYLAMINE SALT",0,0,0,0,0,0
Lower Ulatis Creek,CHLORANTRANILIPROLE,0,0,0,0,0,0
Lower Ulatis Creek,CHLORPYRIFOS,0,14,0,0,42,42
Lower Ulatis Creek,DIMETHOATE,0,0,0,0,23,23
Lower Ulatis Creek,LAMBDA-CYHALOTHRIN,0,0,0,0,0,0
Lower Ulatis Creek,METRIBUZIN,0,0,0,0,0,0
Lower Ulatis Creek,PENDIMETHALIN,0,0,0,0,0,0
Lower White Lake-San Joaquin River,AZOXYSTROBIN,0,0,0,0,0,0
Lower White Lake-San Joaquin River,BIFENTHRIN,0,0,0,0,0,0
Lower White Lake-San Joaquin River,CHLORANTRANILIPROLE,0,7,0,0,82,82
Lower White Lake-San Joaquin River,CHLOROTHALONIL,12,0,18,0,0,18
Lower White Lake-San Joaquin River,CHLORPYRIFOS,0,57,0,0,98,98
Lower White Lake-San Joaquin River,DIMETHOATE,0,0,0,0,91,91
Lower White Lake-San Joaquin River,PENDIMETHALIN,0,0,35,0,0,35
Lucol Hollow-Frontal Suisun Bay Estuaries,"2,4-D, DIMETHYLAMINE SALT",0,0,0,0,0,0
Mandeville Island-Connection Slough,CHLORANTRANILIPROLE,0,0,0,0,0,0
Mandeville Island-Connection Slough,CHLORPYRIFOS,0,5,0,0,29,29
Mandeville Island-Connection Slough,DIMETHOATE,0,0,0,0,80,80
Mandeville Island-Connection Slough,METRIBUZIN,0,0,0,5,0,5
Mandeville Island-Connection Slough,PENDIMETHALIN,0,0,0,0,0,0
Markham Ravine,"2,4-D, DIMETHYLAMINE SALT",0,0,0,0,0,0
Markham Ravine,AZOXYSTROBIN,0,0,0,0,0,0
Markham Ravine,BETA-CYFLUTHRIN,0,0,0,0,0,0
Markham Ravine,BIFENTHRIN,0,0,0,0,0,0
Markham Ravine,LAMBDA-CYHALOTHRIN,0,0,0,0,0,0
Markham Ravine,PENDIMETHALIN,0,0,0,0,0,0
Markley Canyon-San Joaquin River,BETA-CYFLUTHRIN,0,0,0,0,0,0
Markley Canyon-San Joaquin River,CHLORPYRIFOS,0,34,0,0,42,42
Markley Canyon-San Joaquin River,DINOTEFURAN,0,0,0,0,10,10
Markley Canyon-San Joaquin River,PENDIMETHALIN,0,0,0,0,0,0
Markley Canyon-San Joaquin River,SIMAZINE,0,0,190,51,0,190
Markley Canyon-San Joaquin River,TEBUCONAZOLE,0,0,0,0,0,0
McCune Creek-Putah Creek,AZOXYSTROBIN,0,0,0,0,0,0
McCune Creek-Putah Creek,BIFENTHRIN,0,0,0,0,0,0
McCune Creek-Putah Creek,CHLORANTRANILIPROLE,0,0,0,0,54,54
McCune Creek-Putah Creek,CHLOROTHALONIL,0,0,0,0,0,0
McCune Creek-Putah Creek,CHLORPYRIFOS,0,38,0,0,78,78
McCune Creek-Putah Creek,LAMBDA-CYHALOTHRIN,0,0,0,0,0,0
McCune Creek-Putah Creek,PENDIMETHALIN,0,0,0,0,0,0
McCune Creek-Putah Creek,TEBUCONAZOLE,0,0,0,0,0,0
McCune Creek-Sweany Creek,AZOXYSTROBIN,0,0,0,0,0,0
McCune Creek-Sweany Creek,BIFENTHRIN,0,0,0,0,0,0
McCune Creek-Sweany Creek,CHLORANTRANILIPROLE,0,0,0,0,4,4
McCune Creek-Sweany Creek,CHLOROTHALONIL,0,0,0,0,0,0
McCune Creek-Sweany Creek,CHLORPYRIFOS,0,56,0,0,143,143
McCune Creek-Sweany Creek,DIMETHOATE,0,0,0,0,13,13
McCune Creek-Sweany Creek,PENDIMETHALIN,0,0,0,0,0,0
McDonald Island-Hayes Slough,CARBARYL,0,0,0,0,0,0
McDonald Island-Hayes Slough,CHLORANTRANILIPROLE,0,0,0,0,0,0
McDonald Island-Hayes Slough,CHLOROTHALONIL,0,0,0,0,0,0
McDonald Island-Hayes Slough,CHLORPYRIFOS,0,0,0,0,0,0
McDonald Island-Hayes Slough,DIMETHOATE,0,0,0,0,64,64
McDonald Island-Hayes Slough,METRIBUZIN,0,0,0,0,0,0
McDonald Island-Hayes Slough,PHORATE,0,0,0,0,0,0
McDonald Island-Hayes Slough,TRIFLURALIN,0,0,0,0,0,0
McLeod Lake-Mormon Slough,BIFENTHRIN,0,0,0,0,0,0
McLeod Lake-Mormon Slough,CHLORANTRANILIPROLE,0,0,0,0,35,35
McLeod Lake-Mormon Slough,CHLORPYRIFOS,0,106,0,0,169,169
McLeod Lake-Mormon Slough,SIMAZINE,0,0,0,0,0,0
Metcalfe Canyon-Coyote Creek,"2,4-D, DIETHANOLAMINE SALT",0,0,0,0,0,0
Metcalfe Canyon-Coyote Creek,"2,4-D, DIMETHYLAMINE SALT",0,0,0,0,0,0
Metcalfe Canyon-Coyote Creek,AZOXYSTROBIN,0,0,0,0,0,0
Metcalfe Canyon-Coyote Creek,BIFENTHRIN,0,0,0,0,0,0
Metcalfe Canyon-Coyote Creek,CARBARYL,0,0,0,0,0,0
Metcalfe Canyon-Coyote Creek,CHLORANTRANILIPROLE,0,0,0,0,0,0
Metcalfe Canyon-Coyote Creek,CHLOROTHALONIL,0,0,0,0,0,0
Metcalfe Canyon-Coyote Creek,CHLORPYRIFOS,0,0,0,0,0,0
Metcalfe Canyon-Coyote Creek,CLOTHIANIDIN,0,0,0,0,0,0
Metcalfe Canyon-Coyote Creek,CYANTRANILIPROLE,0,0,0,0,0,0
Metcalfe Canyon-Coyote Creek,DIFENOCONAZOLE,0,0,0,0,0,0
Metcalfe Canyon-Coyote Creek,DIMETHOATE,0,0,0,0,2,2
Metcalfe Canyon-Coyote Creek,FLUBENDIAMIDE,0,0,0,0,0,0
Metcalfe Canyon-Coyote Creek,LAMBDA-CYHALOTHRIN,0,0,0,0,0,0
Metcalfe Canyon-Coyote Creek,MALATHION,0,0,0,0,0,0
Metcalfe Canyon-Coyote Creek,PENDIMETHALIN,0,0,0,0,0,0
Metcalfe Canyon-Coyote Creek,TEBUCONAZOLE,0,0,0,0,0,0
Metcalfe Canyon-Coyote Creek,THIAMETHOXAM,0,0,0,0,0,0
Middle Laguna,CHLORANTRANILIPROLE,0,0,0,0,0,0
Middle Laguna,CHLORPYRIFOS,0,52,0,0,68,68
Middle Laguna,PENDIMETHALIN,0,0,6,0,0,6
Middle Laguna,SIMAZINE,0,0,0,0,0,0
Middle Laguna,TEBUCONAZOLE,0,0,0,0,0,0
Middle Laguna,THIAMETHOXAM,0,0,0,0,0,0
Middle Lone Tree Creek,AZOXYSTROBIN,0,0,0,0,0,0
Middle Lone Tree Creek,BIFENTHRIN,0,0,0,0,0,0
Middle Lone Tree Creek,CHLORANTRANILIPROLE,0,0,0,0,83,83
Middle Lone Tree Creek,CHLOROTHALONIL,17,0,21,0,0,21
Middle Lone Tree Creek,CHLORPYRIFOS,0,64,0,0,235,235
Middle Lone Tree Creek,DIMETHOATE,0,0,0,0,17,17
Middle Lone Tree Creek,LAMBDA-CYHALOTHRIN,0,0,0,0,0,0
Middle Lone Tree Creek,PENDIMETHALIN,0,0,0,0,0,0
Middle Lone Tree Creek,SIMAZINE,0,0,0,0,0,0
Middle Napa River,AZOXYSTROBIN,0,0,0,0,0,0
Middle Napa River,CHLORANTRANILIPROLE,0,0,0,0,0,0
Middle Napa River,CLOTHIANIDIN,0,0,0,0,0,0
Middle Napa River,DIFENOCONAZOLE,0,0,0,0,0,0
Middle Napa River,DINOTEFURAN,0,0,0,0,0,0
Middle Napa River,PENDIMETHALIN,0,0,0,0,0,0
Middle Napa River,SIMAZINE,0,0,0,0,0,0
Middle Napa River,TEBUCONAZOLE,0,0,0,0,0,0
Middle Napa River,THIAMETHOXAM,0,0,0,0,0,0
Middle River-San Joaquin River,"2,4-D, DIMETHYLAMINE SALT",0,0,0,0,0,0
Middle River-San Joaquin River,ATRAZINE,0,0,0,0,0,0
Middle River-San Joaquin River,"ATRAZINE, OTHER RELATED",0,0,0,0,0,0
Middle River-San Joaquin River,AZOXYSTROBIN,0,0,0,0,0,0
Middle River-San Joaquin River,BIFENTHRIN,0,0,0,0,0,0
Middle River-San Joaquin River,CHLORANTRANILIPROLE,0,0,0,0,0,0
Middle River-San Joaquin River,CHLOROTHALONIL,0,0,0,0,0,0
Middle River-San Joaquin River,LAMBDA-CYHALOTHRIN,0,0,0,0,0,0
Middle River-San Joaquin River,PENDIMETHALIN,0,0,0,0,0,0
Middle River-San Joaquin River,PHORATE,0,0,0,0,0,0
Middle River-San Joaquin River,TEBUCONAZOLE,0,0,0,0,0,0
Miller Creek-Frontal San Pablo Bay Estuaries,AZOXYSTROBIN,0,0,0,0,0,0
Miller Lake,AZOXYSTROBIN,0,0,0,0,0,0
Miller Lake,BIFENTHRIN,0,0,0,0,0,0
Miller Lake,CHLORANTRANILIPROLE,0,0,0,0,64,64
Miller Lake,CHLOROTHALONIL,1,0,5,0,0,5
Miller Lake,CHLORPYRIFOS,0,83,0,0,176,176
Miller Lake,DIMETHOATE,0,0,0,0,37,37
Miller Lake,LAMBDA-CYHALOTHRIN,0,0,0,0,0,0
Miller Lake,PENDIMETHALIN,0,0,0,0,0,0
Miller Lake,SIMAZINE,0,0,0,0,0,0
Milliken Creek,AZOXYSTROBIN,0,0,0,0,0,0
Milliken Creek,CHLORANTRANILIPROLE,0,0,0,0,0,0
Milliken Creek,CHLORPYRIFOS,0,0,0,0,7,7
Milliken Creek,CLOTHIANIDIN,0,0,0,0,0,0
Milliken Creek,DIFENOCONAZOLE,0,0,0,0,0,0
Milliken Creek,DINOTEFURAN,0,0,0,0,0,0
Milliken Creek,MALATHION,0,0,0,0,0,0
Milliken Creek,PENDIMETHALIN,0,0,0,0,0,0
Milliken Creek,SIMAZINE,0,0,11,0,0,11
Milliken Creek,TEBUCONAZOLE,0,0,0,0,0,0
Milliken Creek,THIAMETHOXAM,0,0,0,0,0,0
Miners Ravine,AZOXYSTROBIN,0,0,0,0,0,0
Miners Ravine,BETA-CYFLUTHRIN,0,0,0,0,0,0
Miners Ravine,DIFENOCONAZOLE,0,0,0,0,0,0
Miners Ravine,"GLYPHOSATE, POTASSIUM SALT",0,0,0,0,0,0
Miners Ravine,TEBUCONAZOLE,0,0,0,0,0,0
Miners Ravine,TRIFLOXYSTROBIN,0,0,0,0,0,0
Miners Ravine,TRIFLURALIN,0,0,0,0,0,0
Modesto Reservoir-Dry Creek,AZOXYSTROBIN,0,0,0,0,0,0
Modesto Reservoir-Dry Creek,BIFENTHRIN,0,0,0,0,0,0
Modesto Reservoir-Dry Creek,CHLORANTRANILIPROLE,0,10,0,0,101,101
Modesto Reservoir-Dry Creek,CHLOROTHALONIL,28,0,33,0,0,33
Modesto Reservoir-Dry Creek,CHLORPYRIFOS,0,139,0,0,251,251
Modesto Reservoir-Dry Creek,PENDIMETHALIN,0,0,0,0,0,0
Modesto Reservoir-Dry Creek,SIMAZINE,0,0,0,0,0,0
Mosher Creek,CARBARYL,0,7,0,0,0,7
Mosher Creek,CHLORANTRANILIPROLE,0,0,0,0,0,0
Mosher Creek,CHLORPYRIFOS,0,88,0,0,181,181
Mosher Creek,DIMETHOATE,0,0,0,0,47,47
Mosher Creek,MALATHION,0,4,0,0,5,5
Mosher Creek,PENDIMETHALIN,0,0,0,0,0,0
Mosher Creek,SIMAZINE,0,0,0,0,0,0
Mosher Creek,TEBUCONAZOLE,0,0,0,0,0,0
Murphy Creek-Mokelumne River,CHLORANTRANILIPROLE,0,0,0,0,0,0
Murphy Creek-Mokelumne River,CHLORPYRIFOS,0,138,0,0,254,254
Murphy Creek-Mokelumne River,DIMETHOATE,0,0,0,0,1,1
Murphy Creek-Mokelumne River,PENDIMETHALIN,0,0,0,0,0,0
Murphy Creek-Mokelumne River,SIMAZINE,0,0,2,0,0,2
Mustang Creek 666 Dam,CHLORANTRANILIPROLE,0,36,0,0,248,248
Mustang Creek 666 Dam,CHLOROTHALONIL,15,0,16,0,0,16
Mustang Creek 666 Dam,CHLORPYRIFOS,0,250,0,0,292,292
Natomas Main Drainage Canal-Sacramento River,"2,4-D, DIMETHYLAMINE SALT",0,0,0,0,0,0
Natomas Main Drainage Canal-Sacramento River,AZOXYSTROBIN,0,0,0,0,0,0
Natomas Main Drainage Canal-Sacramento River,BIFENTHRIN,0,0,0,0,0,0
Natomas Main Drainage Canal-Sacramento River,CARBARYL,0,3,0,0,0,3
Natomas Main Drainage Canal-Sacramento River,CHLORANTRANILIPROLE,0,0,0,0,0,0
Natomas Main Drainage Canal-Sacramento River,CHLOROTHALONIL,0,0,0,0,0,0
Natomas Main Drainage Canal-Sacramento River,CHLORPYRIFOS,0,20,0,0,61,61
Natomas Main Drainage Canal-Sacramento River,LAMBDA-CYHALOTHRIN,0,0,0,0,0,0
Natomas Main Drainage Canal-Sacramento River,METRIBUZIN,0,0,0,0,0,0
Natomas Main Drainage Canal-Sacramento River,PENDIMETHALIN,0,0,0,0,0,0
North Fork Badger Creek,CHLORANTRANILIPROLE,0,0,0,0,186,186
North Fork Badger Creek,CHLORPYRIFOS,0,0,0,0,2,2
North Fork Badger Creek,DIFENOCONAZOLE,0,0,0,0,0,0
North Fork Badger Creek,DIMETHOATE,0,0,0,0,2,2
North Fork Badger Creek,DINOTEFURAN,0,0,0,0,6,6
North Fork Badger Creek,PENDIMETHALIN,0,0,0,0,0,0
North Fork Badger Creek,TEBUCONAZOLE,0,0,0,0,0,0
North Fork Badger Creek,THIAMETHOXAM,0,0,0,0,13,13
Novato Creek,TEBUCONAZOLE,0,0,0,0,0,0
Oakwood Lake-San Joaquin River,AZOXYSTROBIN,0,0,0,0,0,0
Oakwood Lake-San Joaquin River,BIFENTHRIN,0,0,0,0,0,0
Oakwood Lake-San Joaquin River,CHLORANTRANILIPROLE,0,0,0,0,8,8
Oakwood Lake-San Joaquin River,CHLOROTHALONIL,0,0,0,0,0,0
Oakwood Lake-San Joaquin River,CHLORPYRIFOS,0,24,0,0,101,101
Oakwood Lake-San Joaquin River,DIMETHOATE,0,0,0,0,40,40
Oakwood Lake-San Joaquin River,LAMBDA-CYHALOTHRIN,0,0,0,0,0,0
Oakwood Lake-San Joaquin River,MALATHION,0,3,0,0,4,4
Oakwood Lake-San Joaquin River,PENDIMETHALIN,0,0,0,0,0,0
Oakwood Lake-San Joaquin River,SIMAZINE,0,0,10,0,0,10
Orchard Creek,CHLORPYRIFOS,0,28,0,0,42,42
Orchard Creek,PENDIMETHALIN,0,0,63,0,0,63
Oso Creek-Orestimba Creek,AZOXYSTROBIN,0,0,0,0,0,0
Oso Creek-Orestimba Creek,BIFENTHRIN,0,0,0,0,0,0
Oso Creek-Orestimba Creek,CHLORANTRANILIPROLE,0,0,0,0,45,45
Oso Creek-Orestimba Creek,CHLOROTHALONIL,1,0,1,0,0,1
Oso Creek-Orestimba Creek,CHLORPYRIFOS,0,58,0,0,90,90
Oso Creek-Orestimba Creek,CYANTRANILIPROLE,0,15,0,0,0,15
Oso Creek-Orestimba Creek,DIMETHOATE,0,0,0,0,27,27
Oso Creek-Orestimba Creek,LAMBDA-CYHALOTHRIN,0,0,0,0,0,0
Oso Creek-Orestimba Creek,METRIBUZIN,0,0,0,0,0,0
Oso Creek-Orestimba Creek,PENDIMETHALIN,0,0,0,0,0,0
Oso Creek-Orestimba Creek,SIMAZINE,0,0,0,0,0,0
Paddy Creek,CHLORANTRANILIPROLE,0,0,0,0,0,0
Paddy Creek,CHLOROTHALONIL,0,0,0,0,0,0
Paddy Creek,CHLORPYRIFOS,0,55,0,0,126,126
Paddy Creek,DINOTEFURAN,0,0,0,0,0,0
Paddy Creek,PENDIMETHALIN,0,0,0,0,0,0
Paddy Creek,SIMAZINE,0,0,12,0,0,12
Paddy Creek,THIAMETHOXAM,0,0,0,0,0,0
Pear Slough-San Joaquin River,AZOXYSTROBIN,0,0,0,0,0,0
Pear Slough-San Joaquin River,BIFENTHRIN,0,0,0,0,0,0
Pear Slough-San Joaquin River,CHLORANTRANILIPROLE,0,0,0,0,26,26
Pear Slough-San Joaquin River,CHLOROTHALONIL,0,0,0,0,0,0
Pear Slough-San Joaquin River,CHLORPYRIFOS,0,136,0,0,275,275
Pear Slough-San Joaquin River,DIMETHOATE,0,0,0,0,48,48
Pear Slough-San Joaquin River,PENDIMETHALIN,0,0,0,0,0,0
Pear Slough-San Joaquin River,SIMAZINE,0,0,0,0,0,0
Permanente Creek-Frontal San Francisco Bay Estuaries,"GLYPHOSATE, POTASSIUM SALT",0,0,0,0,0,0
Petaluma River,AZOXYSTROBIN,0,0,0,0,0,0
Petaluma River,CARBARYL,0,0,0,0,0,0
Petaluma River,CHLORANTRANILIPROLE,0,0,0,0,0,0
Petaluma River,CHLORPYRIFOS,0,0,0,0,0,0
Petaluma River,CLOTHIANIDIN,0,0,0,0,0,0
Petaluma River,DIFENOCONAZOLE,0,0,0,0,0,0
Petaluma River,DINOTEFURAN,0,0,0,0,0,0
Petaluma River,LAMBDA-CYHALOTHRIN,0,0,0,0,0,0
Petaluma River,PENDIMETHALIN,0,0,0,0,0,0
Petaluma River,TEBUCONAZOLE,0,0,0,0,0,0
Pine Creek,"GLYPHOSATE, POTASSIUM SALT",0,0,0,0,0,0
Pinole Creek-Frontal San Pablo Bay Estuaries,DIFENOCONAZOLE,0,0,0,0,0,0
Pixley Slough,CARBARYL,0,0,0,0,0,0
Pixley Slough,CHLORANTRANILIPROLE,0,0,0,0,0,0
Pixley Slough,CHLORPYRIFOS,0,14,0,0,47,47
Pixley Slough,DINOTEFURAN,0,0,0,0,0,0
Pixley Slough,LAMBDA-CYHALOTHRIN,0,0,0,0,0,0
Pixley Slough,MALATHION,0,1,0,0,2,2
Pixley Slough,PENDIMETHALIN,0,0,0,0,0,0
Pixley Slough,SIMAZINE,0,0,69,0,0,69
Pixley Slough,TEBUCONAZOLE,0,0,0,0,0,0
Pixley Slough,THIAMETHOXAM,0,0,0,0,0,0
Pleasant Grove Creek,"2,4-D, DIMETHYLAMINE SALT",0,0,0,0,0,0
Pleasant Grove Creek,AZOXYSTROBIN,0,0,0,0,0,0
Pleasant Grove Creek,CHLORANTRANILIPROLE,0,0,0,0,0,0
Pleasant Grove Creek,CHLORPYRIFOS,0,3,0,0,7,7
Pleasant Grove Creek,DIFLUBENZURON,0,0,0,0,0,0
Pleasant Grove Creek,LAMBDA-CYHALOTHRIN,0,0,0,0,0,0
Pleasant Grove Creek,PENDIMETHALIN,0,0,0,0,0,0
Pleasant Grove Creek Canal-Cross Canal,CHLORANTRANILIPROLE,0,0,0,0,0,0
Pleasant Grove Creek Canal-Cross Canal,CHLORPYRIFOS,0,176,0,0,323,323
Pleasant Grove Creek Canal-Cross Canal,PENDIMETHALIN,0,0,0,0,0,0
Putah Creek-South Fork Putah Creek,AZOXYSTROBIN,0,0,0,0,0,0
Putah Creek-South Fork Putah Creek,BIFENTHRIN,0,0,0,0,0,0
Putah Creek-South Fork Putah Creek,CARBARYL,0,6,0,0,0,6
Putah Creek-South Fork Putah Creek,CHLORANTRANILIPROLE,0,0,0,0,0,0
Putah Creek-South Fork Putah Creek,CHLOROTHALONIL,0,0,0,0,0,0
Putah Creek-South Fork Putah Creek,CHLORPYRIFOS,0,23,0,0,48,48
Putah Creek-South Fork Putah Creek,DIMETHOATE,0,0,0,0,1,1
Putah Creek-South Fork Putah Creek,FLUBENDIAMIDE,0,0,0,0,0,0
Putah Creek-South Fork Putah Creek,LAMBDA-CYHALOTHRIN,0,0,0,0,0,0
Putah Creek-South Fork Putah Creek,METRIBUZIN,0,0,0,1,0,1
Putah Creek-South Fork Putah Creek,PENDIMETHALIN,0,0,0,0,0,0
Putah Creek-South Fork Putah Creek,TRIFLURALIN,0,0,0,0,0,0
Rector Creek-Conn Creek,AZOXYSTROBIN,0,0,0,0,0,0
Rector Creek-Conn Creek,CHLORANTRANILIPROLE,0,0,0,0,0,0
Rector Creek-Conn Creek,CLOTHIANIDIN,0,0,0,0,0,0
Rector Creek-Conn Creek,DIFENOCONAZOLE,0,0,0,0,0,0
Rector Creek-Conn Creek,DINOTEFURAN,0,0,0,0,0,0
Rector Creek-Conn Creek,PENDIMETHALIN,0,0,0,0,0,0
Rector Creek-Conn Creek,SIMAZINE,0,0,39,0,0,39
Rector Creek-Conn Creek,TEBUCONAZOLE,0,0,0,0,0,0
Rector Creek-Conn Creek,THIAMETHOXAM,0,0,0,0,0,0
Red Bridge Slough-San Joaquin River,AZOXYSTROBIN,0,0,0,0,0,0
Red Bridge Slough-San Joaquin River,BIFENTHRIN,0,0,0,0,0,0
Red Bridge Slough-San Joaquin River,CHLORANTRANILIPROLE,0,0,0,0,23,23
Red Bridge Slough-San Joaquin River,CHLOROTHALONIL,0,0,0,0,0,0
Red Bridge Slough-San Joaquin River,CHLORPYRIFOS,0,51,0,0,105,105
Red Bridge Slough-San Joaquin River,DIMETHOATE,0,0,0,0,36,36
Red Bridge Slough-San Joaquin River,LAMBDA-CYHALOTHRIN,0,0,0,0,0,0
Red Bridge Slough-San Joaquin River,PENDIMETHALIN,0,0,0,0,0,0
Red Bridge Slough-San Joaquin River,SIMAZINE,0,0,16,0,0,16
Riley Slough,AZOXYSTROBIN,0,0,0,0,0,0
Riley Slough,BIFENTHRIN,0,0,0,0,0,0
Riley Slough,CHLORANTRANILIPROLE,0,0,0,0,89,89
Riley Slough,CHLOROTHALONIL,1,0,6,0,0,6
Riley Slough,CHLORPYRIFOS,0,50,0,0,175,175
Riley Slough,DIMETHOATE,0,0,0,0,47,47
Riley Slough,LAMBDA-CYHALOTHRIN,0,0,0,0,0,0
Riley Slough,PENDIMETHALIN,0,0,0,0,0,0
Riley Slough,SIMAZINE,0,0,0,0,0,0
Riley Slough,TRIFLURALIN,0,0,0,0,0,0
Roberts Island-Trapper Slough,CARBARYL,0,0,0,0,0,0
Roberts Island-Trapper Slough,CHLORANTRANILIPROLE,0,0,0,0,0,0
Roberts Island-Trapper Slough,CHLOROTHALONIL,0,0,0,0,0,0
Roberts Island-Trapper Slough,CHLORPYRIFOS,0,17,0,0,155,155
Roberts Island-Trapper Slough,DIMETHOATE,0,0,0,0,224,224
Roberts Island-Trapper Slough,METRIBUZIN,0,0,0,0,0,0
Roberts Island-Trapper Slough,PENDIMETHALIN,0,0,0,0,0,0
Rodden Creek-Stanislaus River,AZOXYSTROBIN,0,0,0,0,0,0
Rodden Creek-Stanislaus River,BIFENTHRIN,0,0,0,0,0,0
Rodden Creek-Stanislaus River,CHLORANTRANILIPROLE,0,34,0,0,122,122
Rodden Creek-Stanislaus River,CHLOROTHALONIL,0,0,5,0,0,5
Rodden Creek-Stanislaus River,CHLORPYRIFOS,0,66,0,0,127,127
Rodden Creek-Stanislaus River,FLUBENDIAMIDE,0,0,0,0,0,0
Rodden Creek-Stanislaus River,PENDIMETHALIN,0,0,14,0,0,14
Rodden Creek-Stanislaus River,SIMAZINE,0,0,0,0,0,0
Sacramento Drainage Canal,"2,4-D, DIMETHYLAMINE SALT",0,0,0,0,0,0
Sacramento Drainage Canal,CHLORANTRANILIPROLE,0,0,0,0,0,0
Sacramento Drainage Canal,CHLORPYRIFOS,0,11,0,0,22,22
Sacramento Drainage Canal,DIMETHOATE,0,0,0,0,42,42
Sacramento Drainage Canal,PENDIMETHALIN,0,0,0,0,0,0
Sacramento Drainage Canal,SIMAZINE,0,0,0,0,0,0
Salado Creek,AZOXYSTROBIN,0,0,0,0,0,0
Salado Creek,BIFENTHRIN,0,0,0,0,0,0
Salado Creek,CHLORANTRANILIPROLE,0,0,0,0,84,84
Salado Creek,CHLOROTHALONIL,0,0,0,0,0,0
Salado Creek,DIMETHOATE,0,0,0,0,22,22
Salado Creek,FLUBENDIAMIDE,0,0,0,0,0,0
Salado Creek,LAMBDA-CYHALOTHRIN,0,0,0,0,0,0
Salado Creek,PENDIMETHALIN,0,0,0,0,0,0
Salado Creek,SIMAZINE,0,0,0,0,0,0
Salter Gulch-Tuolumne River,AZOXYSTROBIN,0,0,0,0,0,0
Salter Gulch-Tuolumne River,BIFENTHRIN,0,0,0,0,0,0
Salter Gulch-Tuolumne River,CHLORANTRANILIPROLE,0,20,0,0,123,123
Salter Gulch-Tuolumne River,CHLOROTHALONIL,34,0,41,0,0,41
Salter Gulch-Tuolumne River,CHLORPYRIFOS,0,130,0,0,251,251
Salter Gulch-Tuolumne River,DIMETHOATE,0,0,0,0,8,8
Salter Gulch-Tuolumne River,LAMBDA-CYHALOTHRIN,0,0,0,0,0,0
Salter Gulch-Tuolumne River,PENDIMETHALIN,0,0,0,0,0,0
Salter Gulch-Tuolumne River,SIMAZINE,0,0,0,0,0,0
San Felipe Creek,"2,4-D, DIMETHYLAMINE SALT",0,0,0,0,0,0
San Francisco Bay Estuaries,"GLYPHOSATE, POTASSIUM SALT",0,0,0,0,0,0
San Francisquito Creek,AZOXYSTROBIN,0,0,0,0,0,0
San Francisquito Creek,CHLOROTHALONIL,0,0,0,0,0,0
San Francisquito Creek,CYFLUTHRIN,0,0,0,0,0,0
San Francisquito Creek,DIFENOCONAZOLE,0,0,0,0,0,0
San Francisquito Creek,DINOTEFURAN,0,0,0,0,0,0
San Francisquito Creek,LAMBDA-CYHALOTHRIN,0,0,0,0,0,0
San Francisquito Creek,PENDIMETHALIN,0,0,0,0,0,0
San Francisquito Creek,TEBUCONAZOLE,0,0,0,0,0,0
San Francisquito Creek,TRIFLOXYSTROBIN,0,0,0,0,0,0
San Pablo Bay Estuaries,"2,4-D, DIMETHYLAMINE SALT",0,0,0,0,0,0
San Pablo Bay Estuaries,AZOXYSTROBIN,0,0,0,0,0,0
San Pablo Bay Estuaries,CHLORPYRIFOS,0,0,0,0,0,0
San Pablo Bay Estuaries,CLOTHIANIDIN,0,0,0,0,0,0
San Pablo Bay Estuaries,DIFENOCONAZOLE,0,0,0,0,0,0
San Pablo Bay Estuaries,DINOTEFURAN,0,0,0,0,0,0
San Pablo Bay Estuaries,PENDIMETHALIN,0,0,0,0,0,0
San Pablo Bay Estuaries,SIMAZINE,0,0,0,0,0,0
San Pablo Bay Estuaries,TEBUCONAZOLE,0,0,0,0,0,0
San Pablo Bay Estuaries,THIAMETHOXAM,0,0,0,0,0,0
San Pablo Creek,DIFENOCONAZOLE,0,0,0,0,0,0
San Ramon Creek,DIFENOCONAZOLE,0,0,0,0,0,0
San Ramon Creek,PENDIMETHALIN,0,0,0,0,0,0
San Ramon Creek,TEBUCONAZOLE,0,0,0,0,0,0
Saratoga Creek,TRIFLOXYSTROBIN,0,0,0,0,0,0
Schell Creek-Frontal San Pablo Bay Estuaries,AZOXYSTROBIN,0,0,0,0,0,0
Schell Creek-Frontal San Pablo Bay Estuaries,CHLORANTRANILIPROLE,0,0,0,0,0,0
Schell Creek-Frontal San Pablo Bay Estuaries,CLOTHIANIDIN,0,0,0,0,0,0
Schell Creek-Frontal San Pablo Bay Estuaries,DIFENOCONAZOLE,0,0,0,0,0,0
Schell Creek-Frontal San Pablo Bay Estuaries,DINOTEFURAN,0,0,0,0,0,0
Schell Creek-Frontal San Pablo Bay Estuaries,PENDIMETHALIN,0,0,0,0,0,0
Schell Creek-Frontal San Pablo Bay Estuaries,SIMAZINE,0,0,0,0,0,0
Schell Creek-Frontal San Pablo Bay Estuaries,TEBUCONAZOLE,0,0,0,0,0,0
Schell Creek-Frontal San Pablo Bay Estuaries,THIAMETHOXAM,0,0,0,0,0,0
Secret Ravine,PENDIMETHALIN,0,0,0,0,0,0
Secret Ravine,TEBUCONAZOLE,0,0,0,0,0,0
Secret Ravine,TRIFLOXYSTROBIN,0,0,0,0,0,0
Silver Creek,"2,4-D, DIMETHYLAMINE SALT",0,0,0,0,0,0
Silver Creek,MALATHION,0,0,0,0,0,0
Simmons Creek-Littlejohns Creek,BIFENTHRIN,0,0,0,0,0,0
Simmons Creek-Littlejohns Creek,CHLORANTRANILIPROLE,0,0,0,0,56,56
Simmons Creek-Littlejohns Creek,CHLOROTHALONIL,0,0,0,0,0,0
Simmons Creek-Littlejohns Creek,CHLORPYRIFOS,0,135,0,0,289,289
Simmons Creek-Littlejohns Creek,DIMETHOATE,0,0,0,0,32,32
Simmons Creek-Littlejohns Creek,PENDIMETHALIN,0,0,0,0,0,0
Simmons Creek-Littlejohns Creek,SIMAZINE,0,0,0,0,0,0
South Fork Ditch-Willow Slough,"2,4-D, DIMETHYLAMINE SALT",0,0,0,0,0,0
South Fork Ditch-Willow Slough,AZOXYSTROBIN,0,0,0,0,0,0
South Fork Ditch-Willow Slough,BIFENTHRIN,0,0,0,0,0,0
South Fork Ditch-Willow Slough,CARBARYL,0,0,0,0,0,0
South Fork Ditch-Willow Slough,CHLORANTRANILIPROLE,0,0,0,0,0,0
South Fork Ditch-Willow Slough,CHLOROTHALONIL,0,0,0,0,0,0
South Fork Ditch-Willow Slough,CHLORPYRIFOS,0,6,0,0,22,22
South Fork Ditch-Willow Slough,DIMETHOATE,0,0,0,0,12,12
South Fork Ditch-Willow Slough,FLUBENDIAMIDE,0,0,0,0,0,0
South Fork Ditch-Willow Slough,LAMBDA-CYHALOTHRIN,0,0,0,0,0,0
South Fork Ditch-Willow Slough,MALATHION,0,0,0,0,0,0
South Fork Ditch-Willow Slough,METRIBUZIN,0,0,0,0,0,0
South Fork Ditch-Willow Slough,PENDIMETHALIN,0,0,0,0,0,0
South Fork Ditch-Willow Slough,TRIFLURALIN,0,0,0,0,0,0
South Mokelumne River-Mokelumne River,ATRAZINE,0,0,0,0,0,0
South Mokelumne River-Mokelumne River,"ATRAZINE, OTHER RELATED",0,0,0,0,0,0
South Mokelumne River-Mokelumne River,BIFENTHRIN,0,0,0,0,0,0
South Mokelumne River-Mokelumne River,CARBARYL,0,0,0,0,0,0
South Mokelumne River-Mokelumne River,CHLORANTRANILIPROLE,0,0,0,0,0,0
South Mokelumne River-Mokelumne River,DIMETHOATE,0,0,0,0,14,14
South Mokelumne River-Mokelumne River,LINURON,0,0,0,0,0,0
South Mokelumne River-Mokelumne River,METRIBUZIN,0,0,0,0,0,0
South Mokelumne River-Mokelumne River,PENDIMETHALIN,0,0,0,0,0,0
South Mokelumne River-Mokelumne River,PHORATE,0,0,0,0,0,0
South Stone Lake-Snodgrass Slough,CHLORANTRANILIPROLE,0,0,0,0,0,0
South Stone Lake-Snodgrass Slough,CHLORPYRIFOS,0,81,0,0,149,149
South Stone Lake-Snodgrass Slough,DIMETHOATE,0,0,0,0,68,68
South Stone Lake-Snodgrass Slough,DINOTEFURAN,0,0,0,0,4,4
South Stone Lake-Snodgrass Slough,PENDIMETHALIN,0,0,0,0,0,0
Stevens Creek,AZOXYSTROBIN,0,0,0,0,0,0
Stevens Creek,DIFENOCONAZOLE,0,0,0,0,0,0
Stevens Creek,"GLYPHOSATE, POTASSIUM SALT",0,0,0,0,0,0
Stevens Creek,TEBUCONAZOLE,0,0,0,0,0,0
Stevens Creek,TRIFLOXYSTROBIN,0,0,0,0,0,0
Stockton Diverting Canal-Calaveras River,BIFENTHRIN,0,0,0,0,0,0
Stockton Diverting Canal-Calaveras River,CHLORANTRANILIPROLE,0,0,0,0,0,0
Stockton Diverting Canal-Calaveras River,CHLORPYRIFOS,0,88,0,0,174,174
Stockton Diverting Canal-Calaveras River,DIMETHOATE,0,0,0,0,3,3
Stockton Diverting Canal-Calaveras River,LAMBDA-CYHALOTHRIN,0,0,0,0,0,0
Stockton Diverting Canal-Calaveras River,PENDIMETHALIN,0,0,0,0,0,0
Stockton Diverting Canal-Calaveras River,SIMAZINE,0,0,0,0,0,0
Suisun Bay Estuaries,"2,4-D, DIMETHYLAMINE SALT",0,0,0,0,0,0
Suisun Bay Estuaries,DIMETHOATE,0,0,0,0,1,1
Suisun Bay Estuaries,LAMBDA-CYHALOTHRIN,0,0,0,0,0,0
Sycamore Slough,CARBARYL,0,1,0,0,0,1
Sycamore Slough,CHLORANTRANILIPROLE,0,0,0,0,0,0
Sycamore Slough,CHLORPYRIFOS,0,66,0,0,181,181
Sycamore Slough,DIMETHOATE,0,0,0,0,17,17
Sycamore Slough,PENDIMETHALIN,0,0,0,0,0,0
Sycamore Slough,SIMAZINE,0,0,0,0,0,0
Telephone Cut-Bishop Cut,"2,4-D, DIMETHYLAMINE SALT",0,0,0,0,0,0
Telephone Cut-Bishop Cut,BIFENTHRIN,0,0,0,0,0,0
Telephone Cut-Bishop Cut,CARBARYL,0,0,0,0,0,0
Telephone Cut-Bishop Cut,CHLORANTRANILIPROLE,0,0,0,0,0,0
Telephone Cut-Bishop Cut,CHLOROTHALONIL,0,0,0,0,0,0
Telephone Cut-Bishop Cut,CHLORPYRIFOS,0,13,0,0,17,17
Telephone Cut-Bishop Cut,DIMETHOATE,0,0,0,0,34,34
Telephone Cut-Bishop Cut,DINOTEFURAN,0,0,0,0,0,0
Telephone Cut-Bishop Cut,LAMBDA-CYHALOTHRIN,0,0,0,0,0,0
Telephone Cut-Bishop Cut,MALATHION,0,0,0,0,0,0
Telephone Cut-Bishop Cut,METRIBUZIN,0,0,0,0,0,0
Telephone Cut-Bishop Cut,PENDIMETHALIN,0,0,0,0,0,0
Telephone Cut-Bishop Cut,PHORATE,0,0,0,0,0,0
Telephone Cut-Bishop Cut,SIMAZINE,0,0,0,0,0,0
Telephone Cut-Bishop Cut,TEBUCONAZOLE,0,0,0,0,0,0
Telephone Cut-Bishop Cut,THIAMETHOXAM,0,0,0,0,0,0
Threemile Slough-Sacramento River,"2,4-D, DIMETHYLAMINE SALT",0,0,0,0,0,0
Threemile Slough-Sacramento River,CARBARYL,0,0,0,0,0,0
Threemile Slough-Sacramento River,CHLORANTRANILIPROLE,0,0,0,0,0,0
Threemile Slough-Sacramento River,CHLORPYRIFOS,0,0,0,0,0,0
Threemile Slough-Sacramento River,DIMETHOATE,0,0,0,0,31,31
Threemile Slough-Sacramento River,LAMBDA-CYHALOTHRIN,0,0,0,0,0,0
Threemile Slough-Sacramento River,PENDIMETHALIN,0,0,0,0,0,0
Threemile Slough-Sacramento River,SIMAZINE,0,0,0,0,0,0
Toe Drain-Cache Slough,"2,4-D, DIMETHYLAMINE SALT",0,0,0,0,0,0
Toe Drain-Cache Slough,CARBARYL,0,0,0,0,0,0
Toe Drain-Cache Slough,CHLORANTRANILIPROLE,0,0,0,0,0,0
Toe Drain-Cache Slough,CHLORPYRIFOS,0,19,0,0,95,95
Toe Drain-Cache Slough,DIMETHOATE,0,0,0,0,46,46
Toe Drain-Cache Slough,LAMBDA-CYHALOTHRIN,0,0,0,0,0,0
Toe Drain-Cache Slough,METRIBUZIN,0,0,0,0,0,0
Toe Drain-Cache Slough,PENDIMETHALIN,0,0,0,0,0,0
Toe Drain-Cache Slough,SIMAZINE,0,0,0,0,0,0
Tolay Creek-Frontal San Pablo Bay Estuaries,"2,4-D, DIMETHYLAMINE SALT",0,0,0,0,0,0
Tolay Creek-Frontal San Pablo Bay Estuaries,AZOXYSTROBIN,0,0,0,0,0,0
Tolay Creek-Frontal San Pablo Bay Estuaries,CARBARYL,0,0,0,0,0,0
Tolay Creek-Frontal San Pablo Bay Estuaries,CLOTHIANIDIN,0,0,0,0,0,0
Tolay Creek-Frontal San Pablo Bay Estuaries,DIFENOCONAZOLE,0,0,0,0,0,0
Tolay Creek-Frontal San Pablo Bay Estuaries,DINOTEFURAN,0,0,0,0,0,0
Tolay Creek-Frontal San Pablo Bay Estuaries,PENDIMETHALIN,0,0,0,0,0,0
Tolay Creek-Frontal San Pablo Bay Estuaries,SIMAZINE,0,0,0,0,0,0
Tolay Creek-Frontal San Pablo Bay Estuaries,TEBUCONAZOLE,0,0,0,0,0,0
Tolay Creek-Frontal San Pablo Bay Estuaries,THIAMETHOXAM,0,0,0,0,0,0
Town of Cometa,BIFENTHRIN,0,0,0,0,0,0
Town of Cometa,CHLORANTRANILIPROLE,0,0,0,0,48,48
Town of Cometa,CHLOROTHALONIL,0,0,0,0,0,0
Town of Cometa,CHLORPYRIFOS,0,100,0,0,186,186
Town of Cometa,DIMETHOATE,0,0,0,0,10,10
Town of Cometa,PENDIMETHALIN,0,0,0,0,0,0
Town of Cometa,SIMAZINE,0,0,0,0,0,0
Town of French Camp-San Joaquin River,AZOXYSTROBIN,0,0,0,0,0,0
Town of French Camp-San Joaquin River,BIFENTHRIN,0,0,0,0,0,0
Town of French Camp-San Joaquin River,CARBARYL,0,0,0,0,0,0
Town of French Camp-San Joaquin River,CHLORANTRANILIPROLE,0,0,0,0,19,19
Town of French Camp-San Joaquin River,CHLOROTHALONIL,0,0,0,0,0,0
Town of French Camp-San Joaquin River,CHLORPYRIFOS,0,43,0,0,113,113
Town of French Camp-San Joaquin River,DIMETHOATE,0,0,0,0,43,43
Town of French Camp-San Joaquin River,LAMBDA-CYHALOTHRIN,0,0,0,0,0,0
Town of French Camp-San Joaquin River,LINURON,0,0,0,0,0,0
Town of French Camp-San Joaquin River,MALATHION,0,0,0,0,0,0
Town of French Camp-San Joaquin River,METRIBUZIN,0,0,0,0,0,0
Town of French Camp-San Joaquin River,PENDIMETHALIN,0,0,0,0,0,0
Town of French Camp-San Joaquin River,SIMAZINE,0,0,0,0,0,0
Town of Hilmar-San Joaquin River,AZOXYSTROBIN,0,0,0,0,0,0
Town of Hilmar-San Joaquin River,BIFENTHRIN,0,0,0,0,0,0
Town of Hilmar-San Joaquin River,CHLORANTRANILIPROLE,0,0,0,0,7,7
Town of Hilmar-San Joaquin River,CHLOROTHALONIL,0,0,0,0,0,0
Town of Hilmar-San Joaquin River,CHLORPYRIFOS,0,197,0,0,351,351
Town of Hilmar-San Joaquin River,DIMETHOATE,0,0,0,0,85,85
Town of Hilmar-San Joaquin River,PENDIMETHALIN,0,0,0,0,0,0
Town of Lodi,"2,4-D, DIMETHYLAMINE SALT",0,0,0,0,0,0
Town of Lodi,AZOXYSTROBIN,0,0,0,0,0,0
Town of Lodi,CHLORANTRANILIPROLE,0,0,0,0,0,0
Town of Lodi,CLOTHIANIDIN,0,0,0,0,0,0
Town of Lodi,DIMETHOATE,0,0,0,0,9,9
Town of Lodi,FLUBENDIAMIDE,0,0,0,0,0,0
Town of Lodi,LAMBDA-CYHALOTHRIN,0,0,0,0,0,0
Town of Lodi,MALATHION,0,0,0,0,0,0
Town of Lodi,PENDIMETHALIN,0,0,0,0,0,0
Town of Lodi,SIMAZINE,0,0,0,0,0,0
Town of Lodi,TEBUCONAZOLE,0,0,0,0,0,0
Town of Lodi,THIAMETHOXAM,0,0,0,0,0,0
Town of Oakdale-Stanislaus River,AZOXYSTROBIN,0,0,0,0,0,0
Town of Oakdale-Stanislaus River,BIFENTHRIN,0,0,0,0,0,0
Town of Oakdale-Stanislaus River,CHLORANTRANILIPROLE,0,5,0,0,118,118
Town of Oakdale-Stanislaus River,CHLOROTHALONIL,12,0,22,0,0,22
Town of Oakdale-Stanislaus River,CHLORPYRIFOS,0,111,0,0,188,188
Town of Oakdale-Stanislaus River,LAMBDA-CYHALOTHRIN,0,0,0,0,0,0
Town of Oakdale-Stanislaus River,PENDIMETHALIN,0,0,0,0,0,0
Town of Oakdale-Stanislaus River,SIMAZINE,0,0,0,0,0,0
Town of Paulsell-Dry Creek,AZOXYSTROBIN,0,0,0,0,0,0
Town of Paulsell-Dry Creek,BIFENTHRIN,0,0,0,0,0,0
Town of Paulsell-Dry Creek,CHLORANTRANILIPROLE,0,85,0,0,160,160
Town of Paulsell-Dry Creek,CHLOROTHALONIL,31,0,35,0,0,35
Town of Paulsell-Dry Creek,CHLORPYRIFOS,0,16,0,0,30,30
Town of Paulsell-Dry Creek,FLUBENDIAMIDE,0,0,0,0,0,0
Town of Paulsell-Dry Creek,LAMBDA-CYHALOTHRIN,0,0,0,0,0,0
Town of Paulsell-Dry Creek,PENDIMETHALIN,0,0,37,0,0,37
Town of Paulsell-Dry Creek,SIMAZINE,0,0,0,0,0,0
Town of Peters,BIFENTHRIN,0,0,0,0,0,0
Town of Peters,CARBARYL,0,9,0,0,0,9
Town of Peters,CHLORANTRANILIPROLE,0,0,0,0,39,39
Town of Peters,CHLOROTHALONIL,0,0,0,0,0,0
Town of Peters,CHLORPYRIFOS,0,51,0,0,106,106
Town of Peters,PENDIMETHALIN,0,0,0,0,0,0
Town of Peters,SIMAZINE,0,0,13,0,0,13
Town of Peters,TEBUCONAZOLE,0,0,0,0,0,0
Town of Riverdale Park-Tuolumne River,AZOXYSTROBIN,0,0,0,0,0,0
Town of Riverdale Park-Tuolumne River,BIFENTHRIN,0,0,0,0,0,0
Town of Riverdale Park-Tuolumne River,CHLORANTRANILIPROLE,0,5,0,0,151,151
Town of Riverdale Park-Tuolumne River,CHLOROTHALONIL,31,0,40,0,0,40
Town of Riverdale Park-Tuolumne River,CHLORPYRIFOS,0,219,0,0,381,381
Town of Riverdale Park-Tuolumne River,DIMETHOATE,0,0,0,0,51,51
Town of Riverdale Park-Tuolumne River,PENDIMETHALIN,0,0,49,0,0,49
Town of Wilton-Cosumnes River,CHLORANTRANILIPROLE,0,0,0,0,0,0
Town of Wilton-Cosumnes River,CHLORPYRIFOS,0,13,0,0,44,44
Town of Wilton-Cosumnes River,DIMETHOATE,0,0,0,0,40,40
Town of Wilton-Cosumnes River,PENDIMETHALIN,0,0,0,0,0,0
Town of Wilton-Cosumnes River,SIMAZINE,0,0,187,29,0,187
Town of Wilton-Cosumnes River,TEBUCONAZOLE,0,0,0,0,0,0
Tremont Cemetery,"2,4-D, DIMETHYLAMINE SALT",0,0,0,0,0,0
Tremont Cemetery,AZOXYSTROBIN,0,0,0,0,0,0
Tremont Cemetery,BIFENTHRIN,0,0,0,0,0,0
Tremont Cemetery,CARBARYL,0,2,0,0,0,2
Tremont Cemetery,CHLORANTRANILIPROLE,0,0,0,0,0,0
Tremont Cemetery,CHLOROTHALONIL,0,0,0,0,0,0
Tremont Cemetery,CHLORPYRIFOS,0,20,0,0,69,69
Tremont Cemetery,DIMETHOATE,0,0,0,0,12,12
Tremont Cemetery,FLUBENDIAMIDE,0,0,0,0,0,0
Tremont Cemetery,LAMBDA-CYHALOTHRIN,0,0,0,0,0,0
Tremont Cemetery,METRIBUZIN,0,0,0,6,0,6
Tremont Cemetery,PENDIMETHALIN,0,0,0,0,0,0
Tremont Cemetery,TRIFLURALIN,0,0,0,0,0,0
Tremont School,"2,4-D, DIMETHYLAMINE SALT",0,0,0,0,0,0
Tremont School,AZOXYSTROBIN,0,0,0,0,0,0
Tremont School,BETA-CYFLUTHRIN,0,0,0,0,0,0
Tremont School,BIFENTHRIN,0,0,0,0,0,0
Tremont School,CARBARYL,0,11,0,0,0,11
Tremont School,CHLORANTRANILIPROLE,0,0,0,0,0,0
Tremont School,CHLOROTHALONIL,0,0,0,0,0,0
Tremont School,CHLORPYRIFOS,0,0,0,0,1,1
Tremont School,DIMETHOATE,0,0,0,0,0,0
Tremont School,FLUBENDIAMIDE,0,0,0,0,0,0
Tremont School,LAMBDA-CYHALOTHRIN,0,0,0,0,0,0
Tremont School,METRIBUZIN,0,0,0,0,0,0
Tremont School,PENDIMETHALIN,0,0,0,0,0,0
Tremont School,TRIFLURALIN,0,0,0,0,0,0
Tule Canal-Toe Drain,"2,4-D, DIMETHYLAMINE SALT",0,0,0,0,0,0
Tule Canal-Toe Drain,AZOXYSTROBIN,0,0,0,0,0,0
Tule Canal-Toe Drain,BETA-CYFLUTHRIN,0,0,0,0,0,0
Tule Canal-Toe Drain,BIFENTHRIN,0,0,0,0,0,0
Tule Canal-Toe Drain,CARBARYL,0,1,0,0,0,1
Tule Canal-Toe Drain,CHLORANTRANILIPROLE,0,0,0,0,0,0
Tule Canal-Toe Drain,CHLOROTHALONIL,0,0,0,0,0,0
Tule Canal-Toe Drain,CHLORPYRIFOS,0,8,0,0,36,36
Tule Canal-Toe Drain,DIMETHOATE,0,0,0,0,0,0
Tule Canal-Toe Drain,FLUBENDIAMIDE,0,0,0,0,0,0
Tule Canal-Toe Drain,LAMBDA-CYHALOTHRIN,0,0,0,0,0,0
Tule Canal-Toe Drain,METRIBUZIN,0,0,0,0,0,0
Tule Canal-Toe Drain,PENDIMETHALIN,0,0,0,0,0,0
Tule Canal-Toe Drain,TRIFLURALIN,0,0,0,0,0,0
Tulucay Creek-Frontal San Pablo Bay Estuaries,"2,4-D, DIMETHYLAMINE SALT",0,0,0,0,0,0
Tulucay Creek-Frontal San Pablo Bay Estuaries,AZOXYSTROBIN,0,0,0,0,0,0
Tulucay Creek-Frontal San Pablo Bay Estuaries,CHLORANTRANILIPROLE,0,0,0,0,0,0
Tulucay Creek-Frontal San Pablo Bay Estuaries,CHLORPYRIFOS,0,0,0,0,0,0
Tulucay Creek-Frontal San Pablo Bay Estuaries,CLOTHIANIDIN,0,0,0,0,0,0
Tulucay Creek-Frontal San Pablo Bay Estuaries,DIFENOCONAZOLE,0,0,0,0,0,0
Tulucay Creek-Frontal San Pablo Bay Estuaries,DINOTEFURAN,0,0,0,0,0,0
Tulucay Creek-Frontal San Pablo Bay Estuaries,PENDIMETHALIN,0,0,0,0,0,0
Tulucay Creek-Frontal San Pablo Bay Estuaries,TEBUCONAZOLE,0,0,0,0,0,0
Tulucay Creek-Frontal San Pablo Bay Estuaries,THIAMETHOXAM,0,0,0,0,0,0
Turlock Lake,AZOXYSTROBIN,0,0,0,0,0,0
Turlock Lake,BIFENTHRIN,0,0,0,0,0,0
Turlock Lake,CHLORANTRANILIPROLE,0,23,0,0,155,155
Turlock Lake,CHLOROTHALONIL,28,0,44,0,0,44
Turlock Lake,CHLORPYRIFOS,0,92,0,0,214,214
Turlock Lake,DIMETHOATE,0,0,0,0,40,40
Turlock Lake,FLUBENDIAMIDE,0,0,0,0,0,0
Turlock Lake,LAMBDA-CYHALOTHRIN,0,0,0,0,0,0
Turlock Lake,PENDIMETHALIN,0,0,0,0,0,0
Turlock Lake,SIMAZINE,0,0,0,0,0,0
Union Creek-Frontal Suisun Bay Estuaries,AZOXYSTROBIN,0,0,0,0,0,0
Union Creek-Frontal Suisun Bay Estuaries,BIFENTHRIN,0,0,0,0,0,0
Union Creek-Frontal Suisun Bay Estuaries,CHLOROTHALONIL,1,0,3,0,0,3
Union Creek-Frontal Suisun Bay Estuaries,PENDIMETHALIN,0,0,12,0,0,12
Union Creek-Frontal Suisun Bay Estuaries,TEBUCONAZOLE,0,0,0,0,0,0
Union Island,CHLORANTRANILIPROLE,0,0,0,0,0,0
Union Island,CHLORPYRIFOS,0,0,0,0,9,9
Union Island,DIMETHOATE,0,0,0,0,98,98
Union Island,MALATHION,0,0,0,0,1,1
Union Island,METRIBUZIN,0,0,0,0,0,0
Union Island,PENDIMETHALIN,0,0,0,0,0,0
Union School Slough,"2,4-D, DIMETHYLAMINE SALT",0,0,0,0,0,0
Union School Slough,AZOXYSTROBIN,0,0,0,0,0,0
Union School Slough,BIFENTHRIN,0,0,0,0,0,0
Union School Slough,CARBARYL,0,1,0,0,0,1
Union School Slough,CHLORANTRANILIPROLE,0,0,0,0,0,0
Union School Slough,CHLOROTHALONIL,0,0,0,0,0,0
Union School Slough,CHLORPYRIFOS,0,5,0,0,28,28
Union School Slough,DIMETHOATE,0,0,0,0,16,16
Union School Slough,FLUBENDIAMIDE,0,0,0,0,0,0
Union School Slough,LAMBDA-CYHALOTHRIN,0,0,0,0,0,0
Union School Slough,MALATHION,0,0,0,0,1,1
Union School Slough,METRIBUZIN,0,0,0,0,0,0
Union School Slough,PENDIMETHALIN,0,0,0,0,0,0
Union School Slough,TRIFLURALIN,0,0,0,0,0,0
Upper Deer Creek,PENDIMETHALIN,0,0,0,0,0,0
Upper Deer Creek,TEBUCONAZOLE,0,0,0,0,0,0
Upper Duck Creek,BIFENTHRIN,0,0,0,0,0,0
Upper Duck Creek,CARBARYL,0,0,0,0,0,0
Upper Duck Creek,CHLORANTRANILIPROLE,0,0,0,0,0,0
Upper Duck Creek,CHLOROTHALONIL,1,0,2,0,0,2
Upper Duck Creek,CHLORPYRIFOS,0,22,0,0,85,85
Upper Duck Creek,DINOTEFURAN,0,0,0,0,0,0
Upper Duck Creek,LAMBDA-CYHALOTHRIN,0,0,0,0,0,0
Upper Duck Creek,PENDIMETHALIN,0,0,0,0,0,0
Upper Duck Creek,SIMAZINE,0,0,0,0,0,0
Upper Kellogg Creek,CHLOROTHALONIL,0,0,0,0,0,0
Upper Kellogg Creek,MALATHION,0,1,0,0,1,1
Upper Kellogg Creek,PENDIMETHALIN,0,0,0,0,0,0
Upper Lone Tree Creek,AZOXYSTROBIN,0,0,0,0,0,0
Upper Lone Tree Creek,BIFENTHRIN,0,0,0,0,0,0
Upper Lone Tree Creek,CHLORANTRANILIPROLE,0,79,0,0,165,165
Upper Lone Tree Creek,CHLOROTHALONIL,28,0,34,0,0,34
Upper Lone Tree Creek,CHLORPYRIFOS,0,60,0,0,94,94
Upper Lone Tree Creek,LAMBDA-CYHALOTHRIN,0,0,0,0,0,0
Upper Lone Tree Creek,PENDIMETHALIN,0,0,0,0,0,0
Upper Lone Tree Creek,SIMAZINE,0,0,6,0,0,6
Upper Marsh Creek,BETA-CYFLUTHRIN,0,0,0,0,0,0
Upper Marsh Creek,TEBUCONAZOLE,0,0,0,0,0,0
Upper Marsh Creek,TRIFLOXYSTROBIN,0,0,0,0,0,0
Upper Morrison Creek,DIMETHOATE,0,0,0,0,15,15
Upper Morrison Creek,LAMBDA-CYHALOTHRIN,0,0,0,0,0,0
Upper Napa River,AZOXYSTROBIN,0,0,0,0,0,0
Upper Napa River,CHLORANTRANILIPROLE,0,0,0,0,0,0
Upper Napa River,CLOTHIANIDIN,0,0,0,0,0,0
Upper Napa River,DIFENOCONAZOLE,0,0,0,0,0,0
Upper Napa River,DINOTEFURAN,0,0,0,0,0,0
Upper Napa River,PENDIMETHALIN,0,0,0,0,0,0
Upper Napa River,TEBUCONAZOLE,0,0,0,0,0,0
Upper Napa River,THIAMETHOXAM,0,0,0,0,0,0
Upper Old River,AZOXYSTROBIN,0,0,0,0,0,0
Upper Old River,BIFENTHRIN,0,0,0,0,0,0
Upper Old River,CHLORANTRANILIPROLE,0,0,0,0,23,23
Upper Old River,CHLOROTHALONIL,0,0,0,0,0,0
Upper Old River,CHLORPYRIFOS,0,30,0,0,101,101
Upper Old River,DIMETHOATE,0,0,0,0,105,105
Upper Old River,LAMBDA-CYHALOTHRIN,0,0,0,0,0,0
Upper Old River,MALATHION,0,0,0,0,1,1
Upper Old River,METRIBUZIN,0,0,0,0,0,0
Upper Old River,PENDIMETHALIN,0,0,0,0,0,0
Upper Old River,SIMAZINE,0,0,0,0,0,0
Upper Sonoma Creek,AZOXYSTROBIN,0,0,0,0,0,0
Upper Sonoma Creek,CHLORANTRANILIPROLE,0,0,0,0,0,0
Upper Sonoma Creek,CHLORPYRIFOS,0,0,0,0,4,4
Upper Sonoma Creek,DIFENOCONAZOLE,0,0,0,0,0,0
Upper Sonoma Creek,PENDIMETHALIN,0,0,0,0,0,0
Upper Sonoma Creek,SIMAZINE,0,0,6,0,0,6
Upper Sonoma Creek,TEBUCONAZOLE,0,0,0,0,0,0
Upper Steelhead Creek,"2,4-D, DIMETHYLAMINE SALT",0,0,0,0,0,0
Upper Steelhead Creek,AZOXYSTROBIN,0,0,0,0,0,0
Upper Steelhead Creek,CHLORANTRANILIPROLE,0,0,0,0,0,0
Upper Steelhead Creek,LAMBDA-CYHALOTHRIN,0,0,0,0,0,0
Upper Steelhead Creek,PENDIMETHALIN,0,0,0,0,0,0
Upper Ulatis Creek,"2,4-D, DIMETHYLAMINE SALT",0,0,0,0,0,0
Upper Ulatis Creek,AZOXYSTROBIN,0,0,0,0,0,0
Upper Ulatis Creek,CHLORANTRANILIPROLE,0,0,0,0,18,18
Upper Ulatis Creek,CHLOROTHALONIL,0,0,0,0,0,0
Upper Ulatis Creek,CHLORPYRIFOS,0,14,0,0,30,30
Upper Ulatis Creek,DIMETHOATE,0,0,0,0,17,17
Upper Ulatis Creek,LAMBDA-CYHALOTHRIN,0,0,0,0,0,0
Upper Ulatis Creek,METRIBUZIN,0,0,5,7,0,7
Upper Ulatis Creek,PENDIMETHALIN,0,0,18,0,0,18
Upper Ulatis Creek,TRIFLURALIN,0,0,0,0,0,0
Venice Island-Little Connection Slough,"2,4-D, DIMETHYLAMINE SALT",0,0,0,0,0,0
Venice Island-Little Connection Slough,ATRAZINE,0,0,0,0,0,0
Venice Island-Little Connection Slough,"ATRAZINE, OTHER RELATED",0,0,0,0,0,0
Venice Island-Little Connection Slough,AZOXYSTROBIN,0,0,0,0,0,0
Venice Island-Little Connection Slough,BIFENTHRIN,0,0,0,0,0,0
Venice Island-Little Connection Slough,CHLORANTRANILIPROLE,0,0,0,0,0,0
Venice Island-Little Connection Slough,PENDIMETHALIN,0,0,0,0,0,0
Venice Island-Little Connection Slough,SIMAZINE,0,0,0,0,0,0
Walker Slough-French Camp Slough,BIFENTHRIN,0,0,0,0,0,0
Walker Slough-French Camp Slough,CHLORANTRANILIPROLE,0,0,0,0,3,3
Walker Slough-French Camp Slough,CHLOROTHALONIL,0,0,0,0,0,0
Walker Slough-French Camp Slough,CHLORPYRIFOS,0,83,0,0,203,203
Walker Slough-French Camp Slough,DIMETHOATE,0,0,0,0,44,44
Walker Slough-French Camp Slough,LAMBDA-CYHALOTHRIN,0,0,0,0,0,0
Walker Slough-French Camp Slough,MALATHION,0,0,0,0,2,2
Walker Slough-French Camp Slough,METRIBUZIN,0,0,0,0,0,0
Walker Slough-French Camp Slough,PENDIMETHALIN,0,0,0,0,0,0
Walnut Creek-Frontal Suisin Bay Estuaries,SIMAZINE,0,3,160,87,4,160
Walthall Slough-San Joaquin River,AZOXYSTROBIN,0,0,0,0,0,0
Walthall Slough-San Joaquin River,BIFENTHRIN,0,0,0,0,0,0
Walthall Slough-San Joaquin River,CHLORANTRANILIPROLE,0,0,0,0,12,12
Walthall Slough-San Joaquin River,CHLOROTHALONIL,0,0,0,0,0,0
Walthall Slough-San Joaquin River,CHLORPYRIFOS,0,43,0,0,151,151
Walthall Slough-San Joaquin River,DIMETHOATE,0,0,0,0,135,135
Walthall Slough-San Joaquin River,LAMBDA-CYHALOTHRIN,0,0,0,0,0,0
Walthall Slough-San Joaquin River,PENDIMETHALIN,0,0,0,0,0,0
Watson Hollow,"2,4-D, DIMETHYLAMINE SALT",0,0,0,0,0,0
Watson Hollow,CHLORANTRANILIPROLE,0,0,0,0,0,0
Watson Hollow,CHLORPYRIFOS,0,4,0,0,12,12
Watson Hollow,DIMETHOATE,0,0,0,0,22,22
Watson Hollow,LAMBDA-CYHALOTHRIN,0,0,0,0,0,0
Watson Hollow,PENDIMETHALIN,0,0,0,0,0,0
Wooden Valley Creek-Suisun Creek,CHLORPYRIFOS,0,62,0,0,115,115
Wooden Valley Creek-Suisun Creek,PENDIMETHALIN,0,0,0,0,0,0
Wooden Valley Creek-Suisun Creek,SIMAZINE,0,0,20,0,0,20
